date,M.BCPI,M.BCNE,M.ENER,M.MTLS,M.FOPR,M.AGRI,M.FISH,quarter
1972-03-31,100.50333333333333,100.62666666666667,99.94333333333333,100.70666666666666,100.12,101.24333333333334,95.95333333333333,1972Q1
1972-06-30,101.71333333333332,102.09333333333332,100.0,101.11,102.07,103.08666666666666,93.36666666666667,1972Q2
1972-09-30,104.77,105.63333333333333,100.91333333333334,101.54333333333334,105.14666666666666,109.18333333333334,101.46333333333332,1972Q3
1972-12-31,108.2,109.73333333333333,101.46,102.44333333333333,106.98666666666666,117.88,116.53666666666668,1972Q4
1973-03-31,118.01333333333334,121.17,104.52333333333333,113.04666666666667,115.16333333333334,134.49333333333334,116.19333333333333,1973Q1
1973-06-30,129.52333333333334,134.30999999999997,109.45666666666666,129.04666666666665,127.20666666666666,147.98333333333335,107.49333333333334,1973Q2
1973-09-30,146.1833333333333,153.53333333333333,116.35666666666667,144.00333333333333,126.60666666666667,192.47,124.97666666666667,1973Q3
1973-12-31,149.99666666666667,156.01666666666665,124.95666666666666,157.41666666666666,128.02333333333334,187.58666666666667,140.74333333333334,1973Q4
1974-03-31,168.6,167.88333333333333,167.46,175.92,132.80666666666667,204.3166666666667,130.92,1974Q1
1974-06-30,171.78666666666666,169.95333333333335,174.53666666666666,207.25333333333333,144.16666666666666,175.9333333333333,127.47333333333334,1974Q2
1974-09-30,178.99666666666667,173.5533333333333,195.41666666666666,183.28,145.87333333333333,198.83333333333334,132.38666666666666,1974Q3
1974-12-31,179.12333333333333,171.69333333333336,203.71,166.40666666666667,145.49666666666667,206.54999999999998,125.32333333333334,1974Q4
1975-03-31,174.86333333333334,161.19,223.94333333333336,162.41,153.07000000000002,172.96,126.61666666666667,1975Q1
1975-06-30,176.18999999999997,158.83333333333334,239.96,161.33333333333334,158.96333333333334,163.23333333333335,113.18,1975Q2
1975-09-30,186.87333333333333,167.75666666666666,257.44,162.90333333333334,160.60999999999999,182.47666666666666,137.20666666666668,1975Q3
1975-12-31,186.85999999999999,162.73666666666665,279.90000000000003,156.04666666666665,159.36333333333334,175.14,144.70333333333335,1975Q4
1976-03-31,184.2733333333333,159.20333333333335,282.58666666666664,158.97666666666666,154.5533333333333,168.33,159.26,1976Q1
1976-06-30,185.6,160.83,282.34,170.29999999999998,152.88666666666666,167.01333333333332,165.11333333333334,1976Q2
1976-09-30,185.96333333333334,159.9,288.63666666666666,171.26,160.57000000000002,156.09333333333333,185.87333333333333,1976Q3
1976-12-31,181.04,151.08333333333334,303.56,165.95333333333335,158.90333333333334,138.34666666666666,201.8066666666667,1976Q4
1977-03-31,185.4766666666667,155.51666666666668,307.16333333333336,175.59,162.51,140.76333333333332,209.64666666666668,1977Q1
1977-06-30,185.85333333333335,155.62,308.71666666666664,176.22666666666666,161.29333333333332,142.21666666666667,199.39333333333332,1977Q2
1977-09-30,185.14666666666668,154.82333333333335,308.43,169.61666666666667,176.07000000000002,129.92,199.74,1977Q3
1977-12-31,187.5566666666667,153.07333333333335,329.65333333333336,167.77333333333334,166.41666666666666,135.17333333333332,206.88666666666666,1977Q4
1978-03-31,194.65666666666667,159.49333333333334,339.04,171.4,175.70000000000002,140.88333333333333,207.23333333333335,1978Q1
1978-06-30,201.37,166.25333333333333,344.77666666666664,176.33666666666667,174.42999999999998,156.52,207.40666666666667,1978Q2
1978-09-30,202.92,167.06666666666666,349.6366666666667,185.71333333333334,178.43666666666664,148.83666666666667,236.78,1978Q3
1978-12-31,209.72333333333333,174.33666666666667,353.5733333333333,195.01999999999998,186.16333333333333,154.46666666666667,257.0166666666667,1978Q4
1979-03-31,220.08,185.48333333333335,360.0,216.57000000000002,193.59666666666666,164.04333333333332,264.68666666666667,1979Q1
1979-06-30,232.41333333333333,196.71,376.6066666666666,239.80000000000004,198.53,175.9333333333333,261.15333333333336,1979Q2
1979-09-30,248.76333333333332,204.51333333333332,430.02,252.49666666666667,212.60666666666665,175.62333333333333,258.2266666666667,1979Q3
1979-12-31,264.39000000000004,207.86333333333334,504.37999999999994,289.74,203.73666666666668,175.34,260.12,1979Q4
1980-03-31,283.92,215.26666666666665,586.6066666666667,349.0733333333333,198.59333333333333,173.01,268.90333333333336,1980Q1
1980-06-30,276.56333333333333,200.12,631.6,294.1233333333333,190.27333333333334,170.76,226.87666666666667,1980Q2
1980-09-30,296.6933333333333,219.28666666666666,646.98,314.25,202.77,197.17666666666665,232.47000000000003,1980Q3
1980-12-31,298.04333333333335,216.68666666666664,673.8033333333333,300.66,197.60666666666665,203.71666666666667,214.04,1980Q4
1981-03-31,310.0133333333333,212.54666666666665,794.2433333333333,286.18666666666667,199.86333333333334,198.32666666666668,231.52666666666664,1981Q1
1981-06-30,313.14000000000004,210.03666666666666,838.7633333333333,269.92333333333335,203.64,197.0666666666667,245.5666666666667,1981Q2
1981-09-30,306.1933333333333,204.99333333333334,823.44,261.62666666666667,202.0233333333333,190.29666666666665,247.29,1981Q3
1981-12-31,297.20666666666665,196.9,816.9633333333333,250.89666666666665,197.14333333333332,179.92999999999998,252.11,1981Q4
1982-03-31,291.43,192.12666666666667,809.1833333333334,235.38666666666666,195.01333333333332,177.4,261.24,1982Q1
1982-06-30,286.87,192.38,775.91,217.67,193.58,187.42999999999998,258.9166666666667,1982Q2
1982-09-30,282.00666666666666,187.00333333333333,776.0866666666667,222.17333333333332,187.47666666666666,177.5,258.57,1982Q3
1982-12-31,280.6666666666667,184.36666666666667,783.6933333333333,227.12333333333333,186.79333333333332,169.84666666666666,254.86666666666667,1982Q4
1983-03-31,284.10999999999996,193.53666666666666,752.64,250.34,194.11333333333332,174.22,302.5833333333333,1983Q1
1983-06-30,291.96,203.85333333333332,746.88,259.7866666666667,208.14000000000001,183.08666666666667,278.8966666666667,1983Q2
1983-09-30,286.9433333333333,198.05999999999997,745.9066666666668,263.8533333333333,192.94000000000003,182.54,199.13666666666666,1983Q3
1983-12-31,281.42333333333335,195.27999999999997,726.14,250.21333333333334,191.40333333333334,183.23666666666668,207.92333333333332,1983Q4
1984-03-31,289.1066666666666,201.95000000000002,738.9866666666667,252.60999999999999,203.15666666666667,186.07666666666668,280.36333333333334,1984Q1
1984-06-30,287.75,201.40333333333334,733.48,245.09,196.42999999999998,195.41666666666666,326.86999999999995,1984Q2
1984-09-30,274.54333333333335,190.01333333333332,710.9466666666667,223.84,191.68999999999997,184.15,226.69999999999996,1984Q3
1984-12-31,265.03999999999996,188.46333333333334,661.71,220.25333333333333,194.48000000000002,176.64333333333335,341.8633333333333,1984Q4
1985-03-31,257.4666666666667,185.59333333333333,629.9333333333333,215.68666666666664,192.34333333333333,174.03666666666666,344.6166666666666,1985Q1
1985-06-30,259.8766666666667,184.6833333333333,647.6633333333333,222.09333333333333,190.08333333333334,170.95666666666668,313.6933333333333,1985Q2
1985-09-30,251.29999999999998,174.23,647.2733333333333,211.74333333333334,185.57666666666668,154.59666666666666,250.47333333333336,1985Q3
1985-12-31,251.35333333333332,174.13666666666666,648.5966666666667,203.88333333333333,182.2833333333333,160.20666666666668,346.25666666666666,1985Q4
1986-03-31,223.51,177.66,451.09,213.15,189.94333333333336,156.06666666666666,325.6666666666667,1986Q1
1986-06-30,219.15333333333334,182.75333333333333,394.1566666666667,213.1,205.49666666666667,154.27666666666667,315.4166666666667,1986Q2
1986-09-30,215.30666666666664,181.20333333333335,379.34,218.15,208.85,146.08,231.09333333333333,1986Q3
1986-12-31,218.79666666666665,184.59666666666666,382.89000000000004,220.7266666666667,215.4466666666667,145.73666666666668,289.83666666666664,1986Q4
1987-03-31,232.69666666666663,193.37333333333333,421.59999999999997,226.49666666666667,234.93666666666664,142.82333333333335,426.18333333333334,1987Q1
1987-06-30,245.5666666666667,202.74,451.3500000000001,249.76999999999998,236.64666666666668,154.35333333333332,362.4466666666667,1987Q2
1987-09-30,251.90666666666667,209.54999999999998,455.48,274.4266666666667,246.45666666666668,149.86333333333332,288.36999999999995,1987Q3
1987-12-31,248.24333333333334,212.51,421.19,296.1433333333333,244.83,143.70000000000002,423.94666666666666,1987Q4
1988-03-31,257.09,228.09666666666666,399.98,331.45,259.49666666666667,149.98333333333335,458.3966666666667,1988Q1
1988-06-30,276.37666666666667,250.27666666666667,406.12000000000006,394.4633333333333,266.8966666666667,166.34333333333333,460.7266666666667,1988Q2
1988-09-30,266.8566666666666,245.0333333333333,376.8533333333333,361.9166666666667,264.63000000000005,174.63666666666666,413.34999999999997,1988Q3
1988-12-31,268.03333333333336,247.29999999999998,373.57666666666665,373.4466666666667,264.87333333333333,172.87666666666667,452.6233333333333,1988Q4
1989-03-31,285.39,255.37666666666667,432.3433333333333,384.59,272.1166666666666,180.65666666666667,463.91333333333336,1989Q1
1989-06-30,281.29,246.31333333333336,451.24666666666667,347.95666666666665,271.75,180.17333333333332,366.32,1989Q2
1989-09-30,272.1066666666666,238.31333333333336,436.35999999999996,325.37,272.15333333333336,174.53333333333333,243.67333333333332,1989Q3
1989-12-31,274.05333333333334,236.2266666666667,458.3966666666667,310.96666666666664,270.6933333333333,177.43666666666664,324.5433333333333,1989Q4
1990-03-31,276.82666666666665,234.37,486.87999999999994,289.8966666666667,276.99333333333334,178.49333333333334,415.50666666666666,1990Q1
1990-06-30,266.5933333333333,238.83,415.77666666666664,295.16333333333336,279.09,185.58,434.02,1990Q2
1990-09-30,283.43333333333334,233.49,532.9233333333333,318.01,274.69,167.36666666666665,254.86666666666667,1990Q3
1990-12-31,286.9733333333333,220.09,622.8966666666666,294.2633333333333,256.82666666666665,159.01333333333332,365.03000000000003,1990Q4
1991-03-31,260.4266666666667,215.00666666666666,484.3066666666667,280.20666666666665,247.63666666666666,160.49666666666667,464.1666666666667,1991Q1
1991-06-30,256.74,215.79,458.05999999999995,271.62333333333333,252.91333333333333,165.10333333333332,380.53000000000003,1991Q2
1991-09-30,246.56333333333336,202.54666666666665,462.6233333333333,263.28000000000003,235.15666666666667,155.09,217.31333333333336,1991Q3
1991-12-31,246.33,198.99666666666667,479.47333333333336,254.98000000000002,229.14666666666668,151.82,396.8233333333333,1991Q4
1992-03-31,246.38666666666666,209.41333333333333,429.4766666666667,260.4666666666667,240.89333333333335,160.76333333333332,599.1666666666666,1992Q1
1992-06-30,255.59333333333333,214.20666666666668,459.1366666666667,263.57,243.93666666666664,168.54999999999998,627.2766666666666,1992Q2
1992-09-30,257.0,212.63333333333333,474.43333333333334,268.43333333333334,244.68999999999997,162.63666666666666,534.9633333333334,1992Q3
1992-12-31,254.59333333333333,209.01333333333332,478.2033333333333,246.29,249.17666666666665,162.0533333333333,574.7633333333333,1992Q4
1993-03-31,266.45666666666665,228.42666666666665,455.4866666666667,243.97333333333333,301.05,167.42333333333332,672.1566666666666,1993Q1
1993-06-30,258.1766666666667,217.08,460.46999999999997,241.33666666666667,266.75,169.73,622.9966666666667,1993Q2
1993-09-30,248.41,212.20666666666668,427.81333333333333,240.67999999999998,253.33,171.9433333333333,519.3333333333334,1993Q3
1993-12-31,255.88666666666668,225.27666666666664,413.2033333333334,232.75,294.1666666666667,173.71,575.7866666666667,1993Q4
1994-03-31,262.62666666666667,238.77666666666667,394.8566666666666,253.54,310.9066666666667,181.12,609.9533333333334,1994Q1
1994-06-30,263.33,235.14000000000001,412.9166666666667,263.92333333333335,299.84666666666664,174.79666666666665,607.36,1994Q2
1994-09-30,262.35999999999996,234.95666666666668,408.7033333333334,280.51,305.15333333333336,158.79666666666665,612.1466666666666,1994Q3
1994-12-31,264.4433333333333,242.33,390.34,308.87,313.91333333333336,154.5533333333333,607.32,1994Q4
1995-03-31,271.6333333333333,252.17666666666665,387.53999999999996,316.69666666666666,326.05333333333334,162.25666666666666,686.6633333333333,1995Q1
1995-06-30,274.1266666666666,252.45000000000002,400.3233333333333,309.56666666666666,325.43,167.70333333333335,681.91,1995Q2
1995-09-30,283.31333333333333,270.25666666666666,374.41333333333336,317.41,355.93333333333334,182.1,662.4033333333333,1995Q3
1995-12-31,289.92333333333335,273.4066666666667,396.06,304.8233333333333,369.8333333333333,184.82666666666668,664.1899999999999,1995Q4
1996-03-31,290.43,262.78333333333336,442.41,301.15000000000003,341.07666666666665,186.51333333333332,627.3966666666666,1996Q1
1996-06-30,298.65000000000003,269.99333333333334,456.0366666666667,294.4433333333333,342.60999999999996,207.85666666666665,628.4033333333333,1996Q2
1996-09-30,295.09999999999997,264.1666666666667,460.27666666666664,276.5833333333333,354.7166666666667,193.26999999999998,637.3100000000001,1996Q3
1996-12-31,302.82,256.9166666666667,533.25,275.39,354.1333333333334,173.49,810.13,1996Q4
1997-03-31,296.81,253.74666666666667,519.3866666666667,288.77666666666664,340.12666666666667,168.39000000000001,877.1633333333333,1997Q1
1997-06-30,281.18333333333334,256.3333333333333,427.09,286.77333333333337,343.79333333333335,172.97666666666666,881.1666666666666,1997Q2
1997-09-30,275.02333333333337,247.39000000000001,429.79333333333335,284.44666666666666,325.72333333333336,169.53666666666666,740.64,1997Q3
1997-12-31,276.30333333333334,237.85666666666665,474.1366666666667,266.77666666666664,314.77333333333337,161.44333333333336,985.4066666666666,1997Q4
1998-03-31,249.57666666666668,224.96333333333334,385.6233333333333,252.57000000000002,296.8933333333334,153.07666666666668,949.6466666666666,1998Q1
1998-06-30,245.32666666666668,223.71333333333334,368.67,245.66666666666666,294.41333333333336,156.94,911.0066666666667,1998Q2
1998-09-30,233.61333333333334,213.09,350.77666666666664,235.82000000000002,293.51666666666665,137.62333333333333,857.8333333333334,1998Q3
1998-12-31,227.97333333333336,205.9766666666667,350.26,230.99333333333334,285.46,129.81666666666666,837.5799999999999,1998Q4
1999-03-31,230.46333333333334,212.76999999999998,338.86999999999995,227.55999999999997,299.08,136.85,883.1566666666668,1999Q1
1999-06-30,252.74666666666667,220.1833333333333,413.9266666666667,235.36666666666667,309.7733333333333,142.46333333333334,852.31,1999Q2
1999-09-30,271.80333333333334,224.07000000000002,494.7133333333333,250.01333333333332,318.56,136.9333333333333,870.2233333333334,1999Q3
1999-12-31,281.8,224.76666666666665,544.3166666666667,265.9766666666667,306.4066666666667,140.07000000000002,873.7766666666666,1999Q4
2000-03-31,304.22333333333336,235.01999999999998,604.2966666666666,278.16,318.1433333333334,148.72333333333333,894.4533333333334,2000Q1
2000-06-30,320.5933333333333,228.50333333333333,703.4466666666667,265.98,300.41333333333336,154.57333333333335,917.8066666666667,2000Q2
2000-09-30,333.6933333333333,217.17666666666665,813.79,268.81333333333333,274.9866666666667,148.36333333333334,868.6999999999999,2000Q3
2000-12-31,352.84999999999997,210.17999999999998,955.71,259.11333333333334,264.76666666666665,145.8166666666667,824.89,2000Q4
2001-03-31,332.2133333333333,207.9766666666667,857.4766666666668,256.95666666666665,259.43666666666667,145.53,936.3766666666667,2001Q1
2001-06-30,317.75333333333333,230.52999999999997,693.8966666666666,250.24333333333334,304.26,168.21666666666667,919.7266666666666,2001Q2
2001-09-30,273.63,221.12666666666667,529.0366666666667,234.84333333333333,284.58666666666664,171.26999999999998,870.4833333333332,2001Q3
2001-12-31,237.64666666666665,200.41333333333333,438.30333333333334,228.76,245.31000000000003,157.4333333333333,780.9933333333333,2001Q4
2002-03-31,252.92333333333332,211.26666666666665,471.3,241.15333333333334,261.6566666666667,160.10999999999999,959.2633333333333,2002Q1
2002-06-30,279.68666666666667,209.31000000000003,591.4766666666667,246.5666666666667,257.78,157.01,855.2033333333333,2002Q2
2002-09-30,276.86333333333334,202.65,602.0466666666666,241.64666666666668,238.73333333333335,162.82666666666668,787.3466666666667,2002Q3
2002-12-31,289.27666666666664,197.92333333333332,680.2133333333333,246.74666666666667,224.04666666666665,161.24666666666667,832.0933333333334,2002Q4
2003-03-31,339.84666666666664,206.79999999999998,895.9366666666666,259.91333333333336,238.6833333333333,160.91333333333333,931.6266666666667,2003Q1
2003-06-30,326.56333333333333,218.76333333333332,787.46,257.8933333333334,265.34,167.77333333333334,1004.5300000000001,2003Q2
2003-09-30,325.42333333333335,230.34,749.15,270.58666666666664,298.1466666666667,163.76,881.66,2003Q3
2003-12-31,334.49666666666667,234.92333333333332,775.6866666666666,294.0933333333333,295.07666666666665,166.71,778.9566666666666,2003Q4
2004-03-31,372.26666666666665,258.97,870.0166666666668,322.06,334.05333333333334,178.14333333333335,891.32,2004Q1
2004-06-30,402.1233333333334,277.2,946.75,313.53333333333336,378.40000000000003,196.74666666666667,862.6566666666668,2004Q2
2004-09-30,408.57,279.27666666666664,968.73,326.63,380.34666666666664,189.89000000000001,935.2866666666665,2004Q3
2004-12-31,427.09666666666664,267.7233333333333,1089.2733333333333,351.58,328.57,186.09666666666666,973.02,2004Q4
2005-03-31,448.69,282.2133333333333,1128.1933333333334,366.98333333333335,365.25333333333333,182.7266666666667,1053.3333333333333,2005Q1
2005-06-30,467.0466666666666,278.90333333333336,1214.8533333333332,365.66,348.71333333333337,188.62333333333333,1039.82,2005Q2
2005-09-30,537.2366666666667,271.7866666666667,1560.9033333333334,368.0566666666667,328.21000000000004,185.87666666666667,1003.0733333333333,2005Q3
2005-12-31,569.15,279.5233333333333,1683.4033333333334,393.48333333333335,330.5833333333333,185.84333333333333,1114.2566666666667,2005Q4
2006-03-31,529.5066666666667,299.9266666666667,1423.1266666666668,452.19666666666666,344.9766666666667,185.9766666666667,1184.8733333333332,2006Q1
2006-06-30,546.1066666666667,323.59,1422.5866666666668,542.2733333333334,337.56666666666666,195.95666666666668,1027.0766666666666,2006Q2
2006-09-30,539.3133333333334,327.90333333333336,1382.7833333333335,583.0933333333334,320.48,198.72333333333333,907.54,2006Q3
2006-12-31,520.9666666666667,327.87000000000006,1302.45,614.86,299.8,198.74333333333334,935.27,2006Q4
2007-03-31,529.1066666666667,340.12666666666667,1305.2933333333333,643.8166666666667,307.75666666666666,203.57333333333335,1004.5933333333334,2007Q1
2007-06-30,570.0,358.3533333333333,1428.7166666666665,692.4233333333333,308.13,219.79999999999998,1056.9866666666667,2007Q2
2007-09-30,561.5566666666667,340.73333333333335,1445.243333333333,595.4633333333334,311.96,230.34,985.4466666666667,2007Q3
2007-12-31,614.41,338.72,1697.1466666666665,589.1733333333333,295.75666666666666,244.03333333333333,943.23,2007Q4
2008-03-31,687.8833333333333,368.3733333333334,1946.8933333333334,630.6166666666667,285.3333333333333,298.08,1160.3966666666668,2008Q1
2008-06-30,825.8666666666667,394.69666666666666,2499.9233333333336,721.3966666666666,308.3933333333334,293.2966666666667,1005.2533333333334,2008Q2
2008-09-30,765.5533333333333,378.72333333333336,2272.213333333333,676.0133333333333,332.49333333333334,267.7133333333333,889.5966666666667,2008Q3
2008-12-31,469.07666666666665,290.3633333333333,1224.1933333333334,497.75666666666666,277.08666666666664,202.5,753.0033333333334,2008Q4
2009-03-31,397.3333333333333,280.24,953.0233333333334,478.93666666666667,242.06333333333336,206.31000000000003,965.1700000000001,2009Q1
2009-06-30,453.65333333333336,294.48,1152.43,526.76,237.26999999999998,217.57000000000002,847.3933333333333,2009Q2
2009-09-30,471.35999999999996,295.83,1223.6333333333334,567.5666666666667,246.13333333333333,199.60333333333332,770.7266666666666,2009Q3
2009-12-31,523.8233333333334,307.7033333333333,1423.1266666666668,600.48,267.81666666666666,198.1933333333333,791.3466666666667,2009Q4
2010-03-31,562.0566666666667,325.8433333333333,1539.8733333333332,609.16,303.04,209.85666666666668,1046.7533333333333,2010Q1
2010-06-30,552.0533333333333,336.1466666666667,1461.9166666666667,613.41,326.28000000000003,218.20666666666668,1026.2833333333333,2010Q2
2010-09-30,537.7733333333333,337.1566666666667,1396.2166666666665,613.5833333333334,306.52000000000004,233.75,857.1333333333333,2010Q3
2010-12-31,584.9766666666666,366.32666666666665,1518.743333333333,673.4233333333333,332.18333333333334,252.2733333333333,851.5633333333334,2010Q4
2011-03-31,647.9533333333334,405.4266666666667,1684.3866666666665,718.86,350.05,301.44,1022.75,2011Q1
2011-06-30,691.0033333333334,408.94,1867.83,730.0666666666666,325.81666666666666,317.12333333333333,931.0666666666666,2011Q2
2011-09-30,653.5466666666667,413.49666666666667,1684.4666666666665,771.8133333333334,326.2333333333333,301.9166666666667,925.3266666666667,2011Q3
2011-12-31,640.26,387.77,1702.3033333333333,716.4233333333333,306.87666666666667,287.03666666666663,864.2566666666667,2011Q4
2012-03-31,643.5733333333334,410.21000000000004,1645.87,762.6733333333333,318.29,303.36333333333334,994.2233333333334,2012Q1
2012-06-30,614.04,405.9633333333333,1528.9433333333334,719.0933333333334,332.2033333333333,311.1066666666666,955.18,2012Q2
2012-09-30,618.4499999999999,396.56333333333333,1574.4166666666667,685.6333333333333,331.2,311.1933333333333,911.1933333333333,2012Q3
2012-12-31,603.3966666666666,408.23333333333335,1475.2166666666665,723.8166666666666,349.49,306.68333333333334,903.3466666666667,2012Q4
2013-03-31,615.8466666666667,399.42,1551.2833333333335,657.9566666666666,380.47,307.3933333333334,1053.0133333333333,2013Q1
2013-06-30,623.5066666666667,381.2,1636.9633333333331,610.3033333333334,355.09,305.79333333333335,1087.993333333333,2013Q2
2013-09-30,638.1566666666666,366.43666666666667,1750.9266666666665,588.5333333333333,355.18333333333334,285.8333333333333,1096.6266666666668,2013Q3
2013-12-31,595.4533333333334,359.25666666666666,1578.83,581.6933333333333,378.8966666666667,263.96,1143.64,2013Q4
2014-03-31,629.0066666666667,360.99666666666667,1725.0166666666667,570.3366666666667,381.3633333333333,272.3333333333333,1336.0,2014Q1
2014-06-30,649.5266666666666,373.06666666666666,1779.8333333333333,587.0933333333334,367.35999999999996,297.7033333333333,1309.5133333333333,2014Q2
2014-09-30,621.38,372.2733333333333,1659.073333333333,590.3766666666667,374.78,290.21666666666664,1275.1633333333332,2014Q3
2014-12-31,520.9633333333333,358.4866666666667,1283.02,558.2066666666666,370.75,281.9866666666667,1185.4433333333334,2014Q4
2015-03-31,399.5133333333333,341.2133333333333,850.0799999999999,538.4133333333333,348.71000000000004,263.23,1289.9133333333332,2015Q1
2015-06-30,434.4166666666667,337.66333333333336,1023.9900000000001,537.7133333333334,323.43333333333334,266.59666666666664,1365.7300000000002,2015Q2
2015-09-30,371.83666666666664,315.26,798.2599999999999,492.92,310.7633333333333,252.76666666666665,1108.1333333333334,2015Q3
2015-12-31,340.38,297.32666666666665,707.4699999999999,473.99,307.3066666666667,226.36333333333334,1058.77,2015Q4
2016-03-31,304.31666666666666,295.71,559.1633333333333,475.11999999999995,315.08,215.22333333333336,1319.31,2016Q1
2016-06-30,365.0366666666667,311.8333333333333,781.3833333333333,501.09,342.1166666666666,225.57666666666668,1200.0833333333333,2016Q2
2016-09-30,362.79333333333335,307.6433333333334,782.0333333333333,512.23,358.65333333333336,205.01333333333332,1196.1433333333334,2016Q3
2016-12-31,375.7166666666667,302.21999999999997,862.7833333333333,499.17333333333335,357.2133333333333,201.0,1211.28,2016Q4
2017-03-31,400.58,319.83666666666664,935.2633333333333,519.0966666666667,381.44,214.58,1368.03,2017Q1
2017-06-30,400.05,328.86999999999995,908.2566666666667,521.4,404.81333333333333,224.75,1275.7066666666667,2017Q2
2017-09-30,404.73,341.38000000000005,895.2233333333334,544.3466666666667,412.6333333333334,236.35,1212.9066666666668,2017Q3
2017-12-31,425.1033333333333,348.55,966.7433333333333,557.6233333333333,455.1933333333333,229.00666666666666,1212.4399999999998,2017Q4
2018-03-31,442.98,363.64000000000004,1006.2833333333333,573.3666666666667,496.25,234.46666666666667,1380.0133333333333,2018Q1
2018-06-30,484.4766666666667,376.62999999999994,1155.8566666666668,584.51,552.8066666666667,236.51666666666665,1388.743333333333,2018Q2
2018-09-30,456.5933333333333,347.83666666666664,1109.2666666666667,546.5966666666667,494.98333333333335,221.35666666666665,1174.6933333333334,2018Q3
2018-12-31,393.50666666666666,331.75,874.5500000000001,538.6233333333333,419.62000000000006,218.58666666666667,1199.7133333333334,2018Q4
2019-03-31,430.84666666666664,340.96,1006.9366666666666,552.9666666666667,439.82666666666665,220.92333333333332,1332.7066666666667,2019Q1
2019-06-30,442.8566666666666,338.15333333333336,1068.52,561.4733333333334,403.92,222.92999999999998,1260.6733333333334,2019Q2
2019-09-30,428.5933333333333,339.42,1000.8133333333334,592.8533333333334,390.7266666666667,213.75,1216.96,2019Q3
2019-12-31,418.3999999999999,340.39000000000004,954.3866666666667,594.0933333333334,386.91333333333336,215.60999999999999,1246.4366666666667,2019Q4
2020-03-31,372.87000000000006,339.0233333333333,747.8166666666666,590.7933333333333,386.43,215.21666666666667,1227.2466666666667,2020Q1
2020-06-30,311.7266666666667,326.7133333333333,514.1866666666666,587.0766666666667,357.42333333333335,203.58666666666667,1140.5966666666666,2020Q2
2020-09-30,405.99666666666667,377.59666666666664,754.5233333333332,657.75,539.0533333333333,212.14666666666668,1211.6533333333334,2020Q3
2020-12-31,425.92,392.6566666666667,801.0966666666667,679.7466666666668,524.9,231.12,1329.67,2020Q4
2021-03-31,528.5533333333334,441.0833333333333,1092.3866666666665,711.0866666666667,681.4366666666666,265.40000000000003,1434.21,2021Q1
2021-06-30,606.0400000000001,510.9333333333334,1241.8366666666668,782.0166666666668,897.6066666666666,307.61,1477.5466666666669,2021Q2
2021-09-30,622.6566666666666,481.16,1377.5633333333335,865.1933333333333,516.4399999999999,322.06666666666666,1728.6499999999999,2021Q3
2021-12-31,673.54,517.6066666666667,1503.3333333333333,898.04,662.1,322.0366666666667,1765.08,2021Q4
2022-03-31,802.9499999999999,588.8633333333333,1825.9233333333334,968.9733333333334,890.1966666666667,347.97333333333336,1905.55,2022Q1
2022-06-30,902.15,597.1233333333333,2208.9666666666667,1028.1766666666665,714.3433333333332,380.8333333333333,1717.8166666666666,2022Q2
2022-09-30,770.89,517.0366666666666,1867.4333333333334,883.62,596.6366666666667,335.67333333333335,1675.97,2022Q3
2022-12-31,675.3000000000001,482.21000000000004,1565.1833333333334,803.5366666666665,533.5733333333334,328.05333333333334,1719.3933333333334,2022Q4
2023-03-31,620.4466666666667,478.1333333333334,1356.6633333333332,814.5033333333334,500.19666666666666,326.5333333333333,1750.38,2023Q1
2023-06-30,608.0133333333333,460.63000000000005,1347.42,767.65,449.32,331.19666666666666,1721.7300000000002,2023Q2
2023-09-30,635.29,451.3633333333333,1483.6166666666668,739.4666666666667,429.70666666666665,335.24666666666667,1600.0600000000002,2023Q3
2023-12-31,597.57,431.00333333333333,1378.9633333333334,729.25,431.08,301.46,1590.8999999999999,2023Q4
2024-03-31,593.2233333333334,434.50666666666666,1350.0866666666668,729.6,457.99,298.4533333333333,1814.9133333333332,2024Q1
2024-06-30,635.7133333333333,458.43333333333334,1464.64,803.2266666666668,452.9866666666667,308.3533333333333,1742.28,2024Q2
2024-09-30,603.9266666666666,448.8766666666667,1359.3633333333335,799.94,450.96999999999997,294.8433333333333,1624.22,2024Q3
2024-12-31,603.6633333333333,462.2033333333334,1326.6033333333335,827.66,473.9666666666667,298.00333333333333,1797.2933333333333,2024Q4
2025-03-31,629.58,482.87000000000006,1377.61,869.6466666666666,479.9766666666667,312.18666666666667,1946.0366666666669,2025Q1
2025-06-30,615.43,509.1133333333333,1254.14,927.65,476.6000000000001,335.23333333333335,1771.14,2025Q2
2025-09-30,616.0166666666668,520.6866666666666,1229.57,961.8466666666667,484.78,338.45,1763.9033333333334,2025Q3
