M.BCPI,M.BCNE,M.ENER,M.MTLS,M.FOPR,M.AGRI,M.FISH,quarter,M.BCPI_growth,M.BCNE_growth,M.ENER_growth,M.MTLS_growth,M.FOPR_growth,M.AGRI_growth,M.FISH_growth
100.50333333333332,100.62666666666668,99.94333333333331,100.70666666666666,100.12,101.24333333333334,95.95333333333332,1972Q1,,,,,,,
101.71333333333332,102.09333333333332,100.0,101.11,102.07,103.08666666666666,93.36666666666667,1972Q2,1.2039401678219708,1.457532794487859,0.056698795984400086,0.4005031113464952,1.9476628046344313,1.8206960129061756,-2.695754880844836
104.77,105.63333333333333,100.91333333333334,101.54333333333334,105.14666666666666,109.18333333333334,101.46333333333332,1972Q3,3.0051779511044208,3.4674154368551813,0.9133333333333438,0.4285761381993325,3.0142712517553294,5.914117570975885,8.671902891824335
108.2,109.73333333333332,101.46,102.44333333333331,106.98666666666666,117.88,116.53666666666668,1972Q4,3.27383793070537,3.881350583780363,0.541718966770155,0.8863211108557589,1.7499365965001346,7.965196153259035,14.8559413909787
118.01333333333334,121.17,104.52333333333333,113.04666666666668,115.16333333333334,134.49333333333334,116.19333333333331,1973Q1,9.069624152803456,10.422235722964768,3.0192522504763675,10.350437640321509,7.642696909272195,14.093428345209835,-0.2946139984554508
129.52333333333334,134.30999999999997,109.45666666666666,129.04666666666665,127.20666666666666,147.98333333333335,107.49333333333334,1973Q2,9.753135238956045,10.844268383263156,4.719839270338366,14.153446954060245,10.457610929404604,10.030236938633896,-7.487520798668868
146.1833333333333,153.53333333333333,116.35666666666668,144.00333333333333,126.60666666666668,192.47,124.97666666666667,1973Q3,12.862547288776781,14.312659767205238,6.303864543045967,11.590122436327954,-0.4716733923798344,30.06194391260275,16.264574547258736
149.99666666666667,156.01666666666665,124.95666666666666,157.41666666666666,128.02333333333334,187.58666666666667,140.74333333333334,1973Q4,2.608596511230199,1.617455492835429,7.391067694158737,9.31459919909261,1.1189510820915016,-2.5371919433331613,12.615688261808877
168.6,167.88333333333333,167.46,175.92,132.80666666666667,204.3166666666667,130.92,1974Q1,12.402497833285175,7.6060249973293415,34.0144583455598,11.754367390153519,3.7362980706642013,8.918544317293353,-6.979608270373983
171.78666666666666,169.95333333333335,174.53666666666666,207.25333333333333,144.16666666666666,175.9333333333333,127.47333333333334,1974Q2,1.8900751285092943,1.2329991065223922,4.225884788407175,17.811126269516464,8.553787460468843,-13.891834570519645,-2.6326509827884537
178.99666666666667,173.5533333333333,195.41666666666663,183.28,145.8733333333333,198.83333333333331,132.38666666666666,1974Q3,4.197066128531524,2.1182285333228634,11.963102308970397,-11.567164179104472,1.1838150289017246,13.016294050776821,3.8544009204539265
179.1233333333333,171.69333333333336,203.71,166.40666666666667,145.49666666666667,206.55,125.32333333333334,1974Q4,0.07076481871168827,-1.0717166673068546,4.2439232409381855,-9.206314564236873,-0.2582148896302483,3.880972338642086,-5.335381206566614
174.86333333333334,161.19,223.94333333333336,162.41,153.07000000000002,172.96,126.61666666666667,1975Q1,-2.378249623164652,-6.117496311252635,9.93242027064618,-2.4017467248908297,5.205159339274679,-16.26240619704672,1.0319972338218575
176.18999999999997,158.83333333333334,239.96,161.33333333333334,158.96333333333334,163.23333333333335,113.18,1975Q2,0.7586877370898915,-1.4620427239075973,7.152106931813096,-0.6629312644952035,3.850090372596404,-5.6236509404872015,-10.612083717256816
186.8733333333333,167.75666666666666,257.44,162.90333333333334,160.61,182.47666666666663,137.20666666666668,1975Q3,6.063529901432174,5.618048268625375,7.284547424570764,0.9731404958677636,1.0358782947849754,11.788850316520282,21.22872121105024
186.86,162.73666666666665,279.90000000000003,156.04666666666665,159.36333333333334,175.14,144.70333333333335,1975Q4,-0.007134957725352109,-2.9924295109980736,8.724362958359233,-4.209040126046126,-0.7762073760454902,-4.020605374203079,5.463777270297854
184.2733333333333,159.20333333333335,282.58666666666664,158.97666666666666,154.5533333333333,168.33,159.26,1976Q1,-1.3842805665560842,-2.171196821040111,0.9598666190305805,1.8776434399965902,-3.018260160220898,-3.8883179170948856,10.059662297574334
185.6,160.83,282.34,170.29999999999998,152.88666666666666,167.01333333333332,165.11333333333334,1976Q2,0.7199450092254311,1.0217541508762418,-0.08728885533642039,7.12263854234374,-1.078376396497427,-0.7821937068060891,3.675331742643073
185.9633333333333,159.9,288.63666666666666,171.26,160.57000000000002,156.09333333333333,185.8733333333333,1976Q3,0.19576149425286626,-0.5782503264316396,2.2301716606455635,0.5637110980622584,5.025509091701941,-6.538400127734301,12.573182056769072
181.04,151.08333333333334,303.56,165.95333333333335,158.90333333333334,138.34666666666666,201.8066666666667,1976Q4,-2.6474753087526115,-5.5138628309360005,5.170283285791832,-3.0986025146949925,-1.0379689024516914,-11.369266250960964,8.572145905814033
185.4766666666667,155.51666666666668,307.16333333333336,175.59,162.51,140.76333333333332,209.64666666666668,1977Q1,2.4506554720872264,2.934362934362933,1.187025080159887,5.806853332262074,2.2697237314090346,1.7468195836545908,3.8849063460077105
185.85333333333332,155.62,308.71666666666664,176.22666666666666,161.29333333333332,142.21666666666667,199.3933333333333,1977Q2,0.20308035152667436,0.0664451827242507,0.5057027205938036,0.3625870873436243,-0.7486718766024691,1.0324658410097332,-4.890768594778539
185.14666666666668,154.82333333333335,308.43,169.61666666666667,176.07000000000002,129.92,199.74,1977Q3,-0.3802281368821214,-0.5119307715374943,-0.09285752847809636,-3.750851176515091,9.161362321236698,-8.646431501230524,0.1738607108228596
187.5566666666667,153.07333333333335,329.65333333333336,167.77333333333334,166.41666666666666,135.17333333333332,206.88666666666663,1977Q4,1.3016707475155043,-1.130320580446531,6.881085929816599,-1.0867642723788928,-5.482667878305991,4.0435139573070655,3.5779847134608023
194.65666666666667,159.49333333333334,339.04,171.4,175.70000000000002,140.88333333333333,207.23333333333332,1978Q1,3.785522597614932,4.194068202604417,2.8474356900177966,2.1616466661368516,5.578367551327013,4.224205957782612,0.16756356137017647
201.37,166.25333333333333,344.77666666666664,176.33666666666667,174.42999999999998,156.52,207.40666666666667,1978Q2,3.4488073017449494,4.238421668617276,1.6920324052225766,2.880202255931552,-0.7228229937393471,11.099018100082825,0.08364162779477269
202.92,167.06666666666666,349.6366666666667,185.7133333333333,178.43666666666664,148.83666666666667,236.78,1978Q3,0.7697273675324023,0.48921324885715656,1.409608152137154,5.317479820797311,2.2970054845305565,-4.908850839083401,14.162193436405124
209.72333333333333,174.33666666666667,353.5733333333333,195.02,186.16333333333333,154.46666666666667,257.0166666666667,1978Q4,3.352716998488736,4.351556264964085,1.1259307280891528,5.011307750296168,4.330201191832783,3.782670040984515,8.546611481825629
220.08,185.48333333333332,360.0,216.57,193.59666666666664,164.04333333333332,264.68666666666667,1979Q1,4.938251982770958,6.393759201544902,1.8176333056791671,11.050148702697161,3.9929094522730857,6.199827362969357,2.9842422670384394
232.41333333333333,196.71,376.6066666666666,239.80000000000004,198.53,175.9333333333333,261.15333333333336,1979Q2,5.604022779595286,6.052655225087622,4.612962962962941,10.726324052269497,2.5482532412748338,7.248084855627579,-1.3349117195174065
248.7633333333333,204.5133333333333,430.02,252.49666666666667,212.60666666666663,175.6233333333333,258.2266666666667,1979Q3,7.034880385520026,3.966922542490603,14.182790178966576,5.294690019460635,7.09044812706725,-0.17620310723759358,-1.1206698491307843
264.39000000000004,207.86333333333332,504.38,289.74,203.73666666666668,175.34,260.12,1979Q4,6.281740342226239,1.6380350099423069,17.2922189665597,14.750029703362433,-4.172023454893203,-0.1613301193842731,0.7332059689161952
283.92,215.26666666666665,586.6066666666667,349.0733333333333,198.59333333333333,173.01,268.90333333333336,1980Q1,7.3868149324860966,3.561635048669798,16.302523229839938,20.47812981753756,-2.5245005808151144,-1.328846811908302,3.3766466758931912
276.56333333333333,200.12,631.6,294.1233333333333,190.2733333333333,170.76,226.8766666666667,1980Q2,-2.5911054757208674,-7.036234128213059,7.670102624132014,-15.741677966425405,-4.189465910235334,-1.3005028611062897,-15.628912496436143
296.6933333333333,219.28666666666663,646.98,314.25,202.77,197.17666666666665,232.47000000000003,1980Q3,7.278622135978496,9.577586781264547,2.4350854971501024,6.842934369935527,6.567744648050189,15.470055438432095,2.4653629725401416
298.0433333333333,216.68666666666664,673.8033333333333,300.66,197.60666666666663,203.71666666666667,214.04,1980Q4,0.4550152795254281,-1.1856626029854378,4.145929291992534,-4.324582338902139,-2.5463990399631986,3.316822477304626,-7.927904675872166
310.0133333333333,212.54666666666665,794.2433333333333,286.18666666666667,199.86333333333332,198.32666666666668,231.52666666666664,1981Q1,4.016194513102134,-1.9105928683506024,17.87465185192516,-4.813853965719872,1.1419992577848426,-2.6458316288963335,8.169812496106644
313.14000000000004,210.03666666666663,838.7633333333333,269.92333333333335,203.64,197.0666666666667,245.5666666666667,1981Q2,1.0085587716657463,-1.1809171319239753,5.60533505684655,-5.682771151695853,1.8896245767941355,-0.6353154727889998,6.064096288404519
306.1933333333333,204.9933333333333,823.44,261.62666666666667,202.0233333333333,190.29666666666665,247.29,1981Q3,-2.218390070469023,-2.401168050023006,-1.8268959460157497,-3.0737122886745682,-0.7938846330125093,-3.4353856562923113,0.7017782000814377
297.20666666666665,196.9,816.9633333333333,250.89666666666665,197.1433333333333,179.92999999999998,252.11,1981Q4,-2.9349648370310732,-3.9480958730365057,-0.78653777648241,-4.10126388747325,-2.4155625587803486,-5.447634395417689,1.949128553520163
291.43,192.1266666666667,809.1833333333334,235.38666666666663,195.0133333333333,177.4,261.24,1982Q1,-1.943653125771061,-2.4242424242424176,-0.9523071210866041,-6.181827844132382,-1.0804321728691502,-1.4061023731451017,3.6214350878584822
286.87,192.38,775.91,217.67,193.58,187.43,258.9166666666667,1982Q2,-1.564698212263671,0.13185745515109648,-4.111964738110451,-7.5266228616744035,-0.7349924791467011,5.653889515219834,-0.8893482366151173
282.00666666666666,187.00333333333333,776.0866666666667,222.1733333333333,187.47666666666663,177.5,258.57,1982Q3,-1.6953091411905596,-2.794815815919882,0.022768963754393745,2.068881027855607,-3.1528739194820687,-5.297977911753726,-0.1338912133891368
280.6666666666667,184.36666666666667,783.6933333333333,227.1233333333333,186.7933333333333,169.84666666666666,254.86666666666667,1982Q4,-0.47516607172406466,-1.409957041763954,0.980131085016267,2.227990157834725,-0.36448980317550506,-4.311737089201884,-1.4322362738652283
284.11,193.53666666666663,752.64,250.34,194.1133333333333,174.22,302.5833333333333,1983Q1,1.2268408551068921,4.973784125836178,-3.9624342855198447,10.222052629261658,3.9187694064741763,2.574871452682803,18.722207690295576
291.96,203.85333333333327,746.88,259.7866666666667,208.14,183.08666666666667,278.8966666666667,1983Q2,2.7630143254373074,5.33060057525705,-0.7653061224489832,3.7735346595297203,7.226019164062247,5.089350629472311,-7.828146516111245
286.9433333333333,198.06,745.9066666666668,263.8533333333333,192.94000000000003,182.54,199.13666666666663,1983Q3,-1.7182719093939758,-2.8419124861010836,-0.1303199085975315,1.5653869841921297,-7.302776977034675,-0.2985835487747224,-28.59840562215399
281.42333333333335,195.28,726.14,250.2133333333333,191.4033333333333,183.23666666666668,207.9233333333333,1983Q4,-1.9237247772498578,-1.4036150661415725,-2.6500187691042787,-5.169538632573644,-0.7964479458208329,0.38165151017128807,4.412380107463876
289.1066666666666,201.95,738.9866666666667,252.61,203.15666666666667,186.07666666666668,280.36333333333334,1984Q1,2.730169258649462,3.415608357230626,1.769172152293863,0.9578493019290368,6.1406105780115405,1.5499081333794296,34.83976465684471
287.75,201.4033333333333,733.48,245.09,196.43,195.41666666666663,326.86999999999995,1984Q2,-0.4692616335377764,-0.2706940661880042,-0.7451645496535764,-2.976920945330752,-3.3110735557123405,5.019436433011459,16.587998906181234
274.5433333333333,190.0133333333333,710.9466666666667,223.84,191.69,184.15,226.7,1984Q3,-4.589632203880701,-5.655318515085828,-3.072112850157238,-8.670284385327843,-2.4130733594664777,-5.765458422174818,-30.645210634197074
265.04,188.4633333333333,661.71,220.25333333333333,194.48,176.64333333333337,341.8633333333333,1984Q4,-3.4615057732233945,-0.8157322293172342,-6.925507773672668,-1.602335001191335,1.4554749856539262,-4.076387003348703,50.79988237023967
257.4666666666667,185.59333333333333,629.9333333333333,215.68666666666664,192.34333333333333,174.03666666666666,344.6166666666666,1985Q1,-2.8574303249823907,-1.522842639593891,-4.802204389636966,-2.0733700587202697,-1.0986562457150684,-1.475666597475167,0.8053900681558979
259.8766666666667,184.6833333333333,647.6633333333333,222.09333333333333,190.08333333333331,170.95666666666668,313.6933333333333,1985Q2,0.9360435007768064,-0.4903193361830649,2.814583553815231,2.9703582357123226,-1.174982236625488,-1.7697420083890303,-8.973255307829941
251.3,174.23,647.2733333333333,211.7433333333333,185.57666666666668,154.59666666666666,250.47333333333336,1985Q3,-3.300283467798848,-5.66013897662665,-0.06021647049135881,-4.660202917692269,-2.3708899605435985,-9.569676526215233,-20.153440727674578
251.35333333333327,174.13666666666666,648.5966666666667,203.88333333333333,182.2833333333333,160.20666666666668,346.25666666666666,1985Q4,0.021222973869172712,-0.053569037096556915,0.20444737411295932,-3.7120413078727377,-1.7746483932965962,3.6287975161172215,38.240930504910686
223.51,177.66,451.09,213.15,189.94333333333336,156.06666666666666,325.6666666666667,1986Q1,-11.077367848712283,2.023315020769134,-30.45138478458621,4.545082972288084,4.202249245679823,-2.5841621239232726,-5.946455904579451
219.1533333333333,182.75333333333333,394.1566666666667,213.1,205.49666666666667,154.27666666666667,315.4166666666667,1986Q2,-1.949204360729584,2.8668993208000204,-12.621280306221216,-0.02345765892564078,8.188407068774882,-1.1469457496796176,-3.147389969293757
215.30666666666664,181.20333333333332,379.34,218.15,208.85,146.08,231.09333333333333,1986Q3,-1.7552398625011345,-0.8481377448655847,-3.7590805686402273,2.369779446269371,1.631818845398958,-5.312965883801823,-26.73394980184941
218.79666666666665,184.59666666666664,382.89,220.7266666666667,215.4466666666667,145.73666666666668,289.83666666666664,1986Q4,1.6209437701263374,1.872666065745654,0.9358359255549065,1.1811444724578068,3.158566754448988,-0.23503103322380925,25.419743826448183
232.69666666666663,193.3733333333333,421.6,226.49666666666667,234.93666666666664,142.82333333333335,426.1833333333333,1987Q1,6.352930422462255,4.754509832246878,10.109953250280768,2.6140928448457945,9.046322369031756,-1.9990393632350556,47.042587204287464
245.5666666666667,202.74,451.3500000000001,249.77,236.64666666666668,154.35333333333332,362.4466666666667,1987Q2,5.530805483533663,4.843825415431313,7.056451612903247,10.275353574004043,0.7278557341695135,8.072910588839344,-14.95522271322981
251.90666666666667,209.55,455.48,274.4266666666667,246.45666666666668,149.86333333333332,288.36999999999995,1987Q3,2.5817836297000074,3.358981947321693,0.9150326797385588,9.871748675448089,4.145420739780836,-2.908910292402722,-20.43794949141945
248.2433333333333,212.51,421.19,296.1433333333333,244.83,143.70000000000002,423.94666666666666,1987Q4,-1.454242311967402,1.4125507038892815,-7.528321770439983,7.913468078903896,-0.6600213695443391,-4.112635957205435,47.01483048398472
257.09,228.09666666666664,399.98,331.45,259.49666666666667,149.98333333333335,458.3966666666667,1988Q1,3.5637076524377864,7.334556805169945,-5.035732092404843,11.922154812421915,5.990551266865429,4.372535374623054,8.126022141149836
276.37666666666667,250.27666666666667,406.12000000000006,394.4633333333333,266.8966666666667,166.34333333333333,460.7266666666667,1988Q2,7.501912430147684,9.723947449180926,1.5350767538377053,19.01141449187911,2.8516743953037382,10.907878653183678,0.5082933994575267
266.8566666666666,245.0333333333333,376.8533333333333,361.9166666666667,264.63000000000005,174.63666666666666,413.35,1988Q3,-3.4445744334422934,-2.095014850232424,-7.206408614859338,-8.250872493429885,-0.8492675067753974,4.985672204075908,-10.283031153684764
268.03333333333336,247.3,373.57666666666665,373.4466666666667,264.87333333333333,172.8766666666667,452.6233333333333,1988Q4,0.44093583321884733,0.9250442116718993,-0.8694806113784259,3.185816256044216,0.09195228558109836,-1.0078066843541622,9.501229789121378
285.39,255.3766666666667,432.3433333333333,384.59,272.1166666666666,180.65666666666667,463.91333333333336,1989Q1,6.475562740952601,3.2659388057689753,15.730818305925599,2.983915597050868,2.7346404570738114,4.500318145884341,2.4943477652499935
281.29,246.31333333333336,451.2466666666666,347.95666666666665,271.75,180.1733333333333,366.32,1989Q2,-1.4366305757034126,-3.5490060433607917,4.372296708634327,-9.525295336158857,-0.13474612604885694,-0.2675424839013507,-21.036975297110093
272.1066666666666,238.31333333333336,436.36,325.37,272.15333333333336,174.53333333333333,243.6733333333333,1989Q3,-3.2647208693282304,-3.247895634286946,-3.2990086722708756,-6.491229750831041,0.1484207298374951,-3.130318952120159,-33.480745432044856
274.05333333333334,236.2266666666667,458.3966666666667,310.96666666666664,270.6933333333333,177.43666666666664,324.5433333333333,1989Q4,0.7154057232457989,-0.8755979522757196,5.05011152870718,-4.4267551812808055,-0.5364622884158621,1.663483575248259,33.18787447675851
276.82666666666665,234.37,486.88,289.8966666666667,276.99333333333334,178.49333333333334,415.50666666666666,1990Q1,1.0119684732898593,-0.7859682790540279,6.213686836000831,-6.775645835566491,2.327356910649203,0.5955176494899739,28.02810102400297
266.5933333333333,238.83,415.7766666666666,295.16333333333336,279.09,185.58,434.02,1990Q2,-3.696657354782784,1.9029739301105186,-14.603872275167063,1.8167392979107522,0.7569375917591215,3.97026966459999,4.4556044026569985
283.43333333333334,233.49,532.9233333333333,318.01,274.69,167.36666666666665,254.86666666666667,1990Q3,6.316737102703263,-2.2359000125612427,28.175382617270508,7.740347152424065,-1.5765523666200765,-9.814275963645525,-41.27766769580511
286.9733333333333,220.09,622.8966666666666,294.2633333333333,256.82666666666665,159.01333333333332,365.03,1990Q4,1.248970951428885,-5.739003811726418,16.88297878994478,-7.467270421265582,-6.503088329874895,-4.991037641903995,43.22390792571278
260.4266666666667,215.00666666666663,484.3066666666667,280.20666666666665,247.63666666666663,160.49666666666667,464.1666666666667,1991Q1,-9.250569158574539,-2.309661199206403,-22.249276230942527,-4.776900508614734,-3.578288858893164,0.932835820895539,27.158498388260345
256.74,215.79,458.06,271.62333333333333,252.91333333333333,165.10333333333332,380.53,1991Q2,-1.4156256399754263,0.3643297882236274,-5.419431214382076,-3.0632152458899276,2.130809923140098,2.870256910839264,-18.01867145421904
246.56333333333336,202.54666666666665,462.6233333333333,263.28000000000003,235.15666666666667,155.09,217.31333333333336,1991Q3,-3.963802549920792,-6.137139502911781,0.9962304792676235,-3.071655601506984,-7.020850357171094,-6.064888655589417,-42.891931428971866
246.33,198.99666666666667,479.47333333333336,254.98,229.14666666666668,151.82,396.8233333333333,1991Q4,-0.09463423866755694,-1.7526825093805432,3.6422719707177365,-3.1525372227286685,-2.5557429798574005,-2.108453156231871,82.60422738288797
246.38666666666663,209.41333333333333,429.4766666666667,260.4666666666667,240.89333333333332,160.76333333333332,599.1666666666666,1992Q1,0.02300437083042617,5.234593544280464,-10.427413411938103,2.1518027557717145,5.126265564994759,5.890747815395425,50.99078515208279
255.59333333333333,214.20666666666668,459.1366666666667,263.57,243.93666666666664,168.54999999999998,627.2766666666666,1992Q2,3.7366740624492856,2.288934165287171,6.90607949209503,1.1914512413616407,1.2633530746665178,4.843558854631036,4.691515994436712
257.0,212.63333333333333,474.4333333333333,268.43333333333334,244.69,162.63666666666666,534.9633333333334,1992Q3,0.550353426015282,-0.7344931685910883,3.331615132749133,1.8451771192978583,0.30882332845958427,-3.5083555819242496,-14.716525934861268
254.59333333333333,209.0133333333333,478.2033333333333,246.29,249.17666666666665,162.0533333333333,574.7633333333333,1992Q4,-0.9364461738002539,-1.7024612008151863,0.7946321927914113,-8.24909971439216,1.8336125982535645,-0.3586727060318595,7.439762226694646
266.45666666666665,228.42666666666665,455.4866666666667,243.97333333333333,301.05,167.42333333333332,672.1566666666666,1993Q1,4.659718767184251,9.288083694820127,-4.7504199747666505,-0.9406255498260796,20.817893596243643,3.313723876912955,16.9449454558108
258.1766666666667,217.08,460.47,241.33666666666667,266.75,169.73,622.9966666666667,1993Q2,-3.107447114602735,-4.967312631333165,1.094067883436045,-1.0807192042846192,-11.393456236505573,1.3777450375296096,-7.313771095032406
248.41,212.20666666666668,427.8133333333333,240.68,253.33,171.9433333333333,519.3333333333334,1993Q3,-3.7829393309490977,-2.2449480990111126,-7.092029158613322,-0.272095689286056,-5.030927835051546,1.3040318937920903,-16.63946837596776
255.88666666666668,225.27666666666664,413.2033333333334,232.75,294.1666666666667,173.71,575.7866666666667,1993Q4,3.00980905223891,6.15909019509282,-3.4150408277753286,-3.294831311284696,16.11994894669666,1.0274702905996413,10.87034659820283
262.62666666666667,238.77666666666667,394.8566666666666,253.54,310.9066666666667,181.12,609.9533333333334,1994Q1,2.633978584269059,5.992631283014971,-4.440106162422075,8.93233082706766,5.690651558073667,4.265730240055254,5.93391070766951
263.33,235.14,412.9166666666667,263.92333333333335,299.84666666666664,174.79666666666665,607.36,1994Q2,0.2678072802964948,-1.5230410564963104,4.573811594080568,4.095343272593421,-3.5573376790462463,-3.4912396937573753,-0.4251691386226275
262.36,234.95666666666668,408.7033333333334,280.51,305.15333333333336,158.79666666666665,612.1466666666666,1994Q3,-0.36835909315307,-0.07796773553343517,-1.0203834510595255,6.284653371559923,1.7697934499855794,-9.153492629531456,0.7881102915349381
264.4433333333333,242.33,390.34,308.87,313.91333333333336,154.5533333333333,607.32,1994Q4,0.794074299944092,3.138167321633767,-4.493071584115638,10.110156500659517,2.8706879601511748,-2.6721803564306645,-0.7884820631221201
271.6333333333333,252.17666666666665,387.54,316.69666666666666,326.05333333333334,162.25666666666666,686.6633333333333,1995Q1,2.718918987054564,4.063329619389533,-0.7173233591228012,2.5339679045121466,3.867309448467715,4.98425570461114,13.064501964916886
274.1266666666666,252.45,400.3233333333333,309.56666666666666,325.43,167.70333333333335,681.91,1995Q2,0.9179040373051617,0.1083896210328783,3.298584232165269,-2.2513656600953613,-0.1911752678498413,3.3568214968054955,-0.6922363700794687
283.31333333333333,270.25666666666666,374.41333333333336,317.41,355.93333333333334,182.1,662.4033333333333,1995Q3,3.3512488144167074,7.05354195550274,-6.472268249831381,2.533649187035647,9.37323950875253,8.584603764584276,-2.8605925513142005
289.92333333333335,273.4066666666667,396.06,304.8233333333333,369.8333333333333,184.82666666666668,664.1899999999999,1995Q4,2.3331058662964477,1.1655586664528927,5.781489263202877,-3.9654285204204998,3.905225697696202,1.4973457807065937,0.2697248906758709
290.43,262.78333333333336,442.41,301.15000000000003,341.07666666666665,186.5133333333333,627.3966666666666,1996Q1,0.1747588442921666,-3.885542903123551,11.702772307226184,-1.2050696031581043,-7.775574583145561,0.9125667291876693,-5.539579537983608
298.65000000000003,269.99333333333334,456.0366666666667,294.4433333333333,342.61,207.85666666666663,628.4033333333333,1996Q2,2.830286127466186,2.743705207078073,3.0800991538768807,-2.2270186507277745,0.4495567956373625,11.443328448368305,0.1604513890733683
295.1,264.1666666666667,460.2766666666666,276.5833333333333,354.7166666666667,193.27,637.3100000000001,1996Q3,-1.1886824041520194,-2.1580779772339964,0.9297498008200789,-6.065683266729316,3.5336582897950164,-7.017656397838234,1.4173487303801746
302.82,256.9166666666667,533.25,275.39,354.1333333333334,173.49,810.13,1996Q4,2.616062351745163,-2.7444794952681373,15.85423259923382,-0.43145525760771575,-0.16445050039937126,-10.234387126817401,27.117101567526003
296.81,253.74666666666667,519.3866666666667,288.77666666666664,340.12666666666667,168.39,877.1633333333333,1997Q1,-1.9846773660920691,-1.2338631203373418,-2.599781215814978,4.860985027294618,-3.955195783132548,-2.9396507003285666,8.27439217574133
281.18333333333334,256.3333333333333,427.09,286.77333333333337,343.7933333333333,172.97666666666666,881.1666666666666,1997Q2,-5.264872028121248,1.0193894172665585,-17.770318837603327,-0.6937310262832619,1.0780297536211902,2.7238355405111214,0.4563954261654013
275.02333333333337,247.39,429.79333333333335,284.44666666666666,325.72333333333336,169.53666666666666,740.64,1997Q3,-2.1907415090984372,-3.488946684005201,0.63296572931546,-0.8113260182257886,-5.256064690026941,-1.9887075328078874,-15.947796481936827
276.30333333333334,237.85666666666663,474.1366666666667,266.77666666666664,314.77333333333337,161.44333333333336,985.4066666666666,1997Q4,0.46541505569224206,-3.8535645472061786,10.317361832818882,-6.212060843274669,-3.3617487233541743,-4.773795245866164,33.04799452725571
249.57666666666668,224.9633333333333,385.6233333333333,252.57,296.8933333333334,153.07666666666668,949.6466666666666,1998Q1,-9.672943986681304,-5.420631472735671,-18.668316448843882,-5.3253033123836335,-5.680277871907824,-5.182416947122837,-3.6289586025397336
245.32666666666668,223.7133333333333,368.67,245.66666666666663,294.41333333333336,156.94,911.0066666666668,1998Q2,-1.7028835494771188,-0.5556461052912298,-4.396345311054805,-2.733235670639178,-0.8353168365743069,2.523789822093492,-4.068881759531607
233.61333333333332,213.09,350.77666666666664,235.82,293.51666666666665,137.6233333333333,857.8333333333334,1998Q3,-4.774586265931157,-4.748636648091297,-4.853482337411064,-4.008141112618713,-0.30456048186224827,-12.3083131557708,-5.836766653738367
227.97333333333336,205.9766666666667,350.26,230.9933333333333,285.46,129.81666666666666,837.5799999999999,1998Q4,-2.414245762228162,-3.3381826145447047,-0.14729219921506553,-2.0467588273542003,-2.7448753619896626,-5.6724877079952325,-2.3609869827083907
230.4633333333333,212.77,338.86999999999995,227.56,299.08,136.85,883.1566666666668,1999Q1,1.0922330097087096,3.2981081999579276,-3.2518700393993183,-1.4863343819446317,4.771246409304286,5.417897034279107,5.441470267516757
252.74666666666667,220.1833333333333,413.9266666666667,235.36666666666667,309.7733333333333,142.46333333333334,852.31,1999Q2,9.6689278120887,3.4842004668577786,22.14910339264813,3.430597058651208,3.5754090321430176,4.101814638899048,-3.4927740265034313
271.80333333333334,224.07,494.7133333333333,250.0133333333333,318.56,136.9333333333333,870.2233333333334,1999Q3,7.539829077864524,1.7651956702747773,19.51714474383546,6.222914601331242,2.8364825894202195,-3.8817005545286665,2.101739195050323
281.8,224.76666666666665,544.3166666666667,265.9766666666667,306.4066666666667,140.07000000000002,873.7766666666666,1999Q4,3.677904367128204,0.3109147439044335,10.026682118937579,6.384992800384004,-3.815084547128733,2.2906523855891203,0.40832429989234864
304.22333333333336,235.02,604.2966666666666,278.16,318.1433333333334,148.72333333333333,894.4533333333334,2000Q1,7.957180033120426,4.561767759157664,11.019320861018379,4.5806023084731695,3.830421444267973,6.1778634492277495,2.36635601011701
320.5933333333333,228.50333333333333,703.4466666666667,265.98,300.41333333333336,154.57333333333335,917.8066666666668,2000Q2,5.3809153363208795,-2.7728136612486964,16.407504040509924,-4.378774805867125,-5.572959777039699,3.9334782706143656,2.610905730129409
333.6933333333333,217.17666666666665,813.79,268.81333333333333,274.9866666666667,148.36333333333334,868.6999999999999,2000Q3,4.086173553203443,-4.9568934078277564,15.686097974733926,1.0652430007268565,-8.463894190226807,-4.017510566721305,-5.35043691118684
352.85,210.18,955.71,259.11333333333334,264.76666666666665,145.8166666666667,824.89,2000Q4,5.740799936069063,-3.2216475066382144,17.439388540041058,-3.608451961708248,-3.716543832428254,-1.7165067739108864,-5.0431679521123485
332.2133333333333,207.9766666666667,857.4766666666668,256.95666666666665,259.43666666666667,145.53,936.3766666666668,2001Q1,-5.848566435217995,-1.0483077996637724,-10.278571254181001,-0.8323256232793952,-2.0130932896890275,-0.19659389644532954,13.515337398521844
317.75333333333333,230.53,693.8966666666666,250.2433333333333,304.26,168.21666666666667,919.7266666666666,2001Q2,-4.352624819393158,10.84416521084095,-19.076903939077074,-2.612632480184729,17.277177474271177,15.588996541377487,-1.7781305955936744
273.63,221.1266666666667,529.0366666666667,234.84333333333333,284.58666666666664,171.26999999999998,870.4833333333332,2001Q3,-13.886033191364366,-4.079006347691538,-23.758580768510186,-6.154010096839069,-6.465961129735542,1.815119389676001,-5.35412695076073
237.64666666666665,200.41333333333333,438.3033333333333,228.76,245.31000000000003,157.4333333333333,780.9933333333333,2001Q4,-13.150361193338945,-9.367180198378023,-17.150670085879383,-2.590379401870757,-13.8013024737631,-8.07886183608727,-10.280495510157184
252.9233333333333,211.26666666666665,471.3,241.1533333333333,261.6566666666667,160.11,959.2633333333332,2002Q1,6.428310937806825,5.415474685649646,7.528271896935923,5.417613801946719,6.663677251912548,1.7001905568494902,22.826059121289966
279.68666666666667,209.31000000000003,591.4766666666667,246.5666666666667,257.78,157.01,855.2033333333333,2002Q2,10.58159916707304,-0.9261596718207366,25.49897446778415,2.2447681972742384,-1.481585283514042,-1.9361688838923419,-10.847907595759242
276.86333333333334,202.65,602.0466666666666,241.64666666666668,238.73333333333332,162.82666666666668,787.3466666666667,2002Q3,-1.0094629704669456,-3.181883330944546,1.78705274369797,-1.9954035419764815,-7.388729407505101,3.7046472623824434,-7.9345652690782975
289.27666666666664,197.9233333333333,680.2133333333333,246.74666666666667,224.04666666666665,161.24666666666667,832.0933333333334,2002Q4,4.483559879122057,-2.3324286536722028,12.983489651964963,2.110519491268237,-6.151912873499022,-0.9703570258761895,5.683222976748903
339.84666666666664,206.8,895.9366666666666,259.91333333333336,238.6833333333333,160.91333333333333,931.6266666666668,2003Q1,17.48153440189899,4.484901561210597,31.714070095656275,5.336107208472929,6.532865176897662,-0.20672261958903926,11.961799157145837
326.56333333333333,218.7633333333333,787.46,257.8933333333334,265.34,167.77333333333334,1004.53,2003Q2,-3.908625458540116,5.784977433913574,-12.10762665515791,-0.7771821376356125,11.168214510159903,4.263164436342559,7.825380696130058
325.42333333333335,230.34,749.15,270.58666666666664,298.1466666666667,163.76,881.66,2003Q3,-0.349090018271081,5.291867924240834,-4.8650090163309905,4.921931547926772,12.36401095449866,-2.3921163474529217,-12.231590893253564
334.49666666666667,234.9233333333333,775.6866666666666,294.0933333333333,295.07666666666665,166.71,778.9566666666666,2003Q4,2.788163110614894,1.9898121617319076,3.5422367572137237,8.6872967379521,-1.029694557488503,1.8014167073766574,-11.648859348652929
372.26666666666665,258.97,870.0166666666668,322.06,334.05333333333334,178.14333333333337,891.32,2004Q1,11.291592342723877,10.23596350582463,12.160838139111174,9.509452781429939,13.208996531974758,6.858216863615474,14.424850333993788
402.1233333333334,277.2,946.75,313.53333333333336,378.4,196.74666666666667,862.6566666666668,2004Q2,8.020236389684833,7.039425416071343,8.819754410835024,-2.6475397958972358,13.275325297357687,10.442901783208258,-3.215829705754758
408.57,279.27666666666664,968.73,326.63,380.3466666666666,189.89,935.2866666666664,2004Q3,1.6031565771695178,0.7491582491582438,2.3216266173752276,4.177120986604277,0.5144467935165542,-3.4850230414746663,8.41934025510338
427.0966666666666,267.7233333333333,1089.2733333333333,351.58,328.57,186.09666666666664,973.02,2004Q4,4.534514689445279,-4.136877409498352,12.443439692518377,7.638612497321118,-13.61301970132509,-1.9976477609844334,4.034413691346006
448.69,282.2133333333333,1128.1933333333334,366.98333333333335,365.2533333333333,182.7266666666667,1053.3333333333333,2005Q1,5.0558421590740865,5.412303746404867,3.5730242179801808,4.3811745074615605,11.164541295107067,-1.8108868150960689,8.254026981288497
467.0466666666666,278.90333333333336,1214.8533333333332,365.66,348.71333333333337,188.6233333333333,1039.82,2005Q2,4.0911691071043865,-1.1728715865066408,7.681307577306473,-0.3605976656523846,-4.5283638753011335,3.2270422124119458,-1.2829113924050617
537.2366666666667,271.7866666666667,1560.9033333333334,368.0566666666667,328.21000000000004,185.8766666666667,1003.0733333333332,2005Q3,15.028476811739022,-2.5516606709612644,28.484919990341794,0.6554358329231125,-5.879710172634633,-1.4561648435152619,-3.5339449776564003
569.15,279.5233333333333,1683.4033333333334,393.48333333333335,330.5833333333333,185.84333333333333,1114.256666666667,2005Q4,5.94027461516029,2.846595368916782,7.848019629658887,6.9083565030747085,0.7231142662725842,-0.01793303803598878,11.084267683984606
529.5066666666667,299.9266666666667,1423.1266666666668,452.19666666666666,344.9766666666667,185.9766666666667,1184.8733333333332,2006Q1,-6.96535769715072,7.299331003971066,-15.461337251322217,14.921428268880499,4.35391983866904,0.07174501820530477,6.337558372248142
546.1066666666667,323.59,1422.5866666666668,542.2733333333334,337.56666666666666,195.95666666666668,1027.0766666666666,2006Q2,3.134993578928813,7.889706372668859,-0.03794461959347739,19.919798907555,-2.147971360381873,5.366264585163005,-13.317597942958736
539.3133333333334,327.90333333333336,1382.7833333333335,583.0933333333334,320.48,198.72333333333333,907.54,2006Q3,-1.2439572244738462,1.3329624936905926,-2.797954899057109,7.5275691225827,-5.061716204206568,1.4118767754775607,-11.638533962086562
520.9666666666667,327.87000000000006,1302.45,614.86,299.8,198.7433333333333,935.27,2006Q4,-3.4018566819535967,-0.010165597584643749,-5.809538732267061,5.447955730357634,-6.452820768846735,0.01006424342049339,3.055512704674168
529.1066666666667,340.12666666666667,1305.2933333333333,643.8166666666667,307.75666666666666,203.57333333333332,1004.5933333333334,2007Q1,1.5624800051186938,3.738270249387443,0.2183065248825944,4.70947315920156,2.6539915499221634,2.43027019774249,7.412119851308541
570.0,358.3533333333333,1428.7166666666665,692.4233333333333,308.13,219.8,1056.986666666667,2007Q2,7.728750346495983,5.358787902546092,9.455601295238857,7.549768308783533,0.12130795975175968,7.970919570343216,5.215377366629315
561.5566666666667,340.7333333333333,1445.243333333333,595.4633333333334,311.96,230.34,985.4466666666668,2007Q3,-1.4812865497075944,-4.91693486875151,1.156749063845175,-14.00299431465336,1.2429818583065577,4.795268425841681,-6.7682972979791645
614.41,338.72,1697.1466666666663,589.1733333333333,295.75666666666666,244.03333333333333,943.23,2007Q4,9.41193230721742,-0.5908824104871591,17.429821506412992,-1.0563202884028788,-5.1940419711928865,5.944835171196194,-4.284013340820081
687.8833333333333,368.3733333333334,1946.8933333333332,630.6166666666667,285.3333333333333,298.08,1160.3966666666668,2008Q1,11.95835571252639,8.754526846165977,14.71567965055074,7.034149542862322,-3.5242936197549812,22.1472476437645,23.023723446737996
825.8666666666667,394.69666666666666,2499.9233333333336,721.3966666666666,308.3933333333334,293.2966666666667,1005.2533333333334,2008Q2,20.059118552080047,7.1458303170696125,28.405767821555038,14.395433041731632,8.081775700934601,-1.6047146179996363,-13.369853412195255
765.5533333333333,378.72333333333336,2272.213333333333,676.0133333333333,332.49333333333334,267.7133333333333,889.5966666666667,2008Q3,-7.303035195350349,-4.0469896713932085,-9.108679332832892,-6.29103729339845,7.814695518709858,-8.722681244246456,-11.505225880043513
469.07666666666665,290.3633333333333,1224.1933333333334,497.75666666666666,277.08666666666664,202.5,753.0033333333334,2008Q4,-38.727108061271586,-23.331015605059125,-46.12331001783869,-26.368809293702288,-16.663993263022824,-24.35938939661827,-15.354523960296607
397.3333333333333,280.24,953.0233333333334,478.93666666666667,242.06333333333336,206.31000000000003,965.17,2009Q1,-15.29458581752805,-3.4864365335384173,-22.150912982154235,-3.7809639248093108,-12.639847941678884,1.8814814814815062,28.176059424261048
453.65333333333336,294.48,1152.43,526.76,237.27,217.57,847.3933333333333,2009Q2,14.17449664429531,5.081358835284044,20.923587040541157,9.985314690181713,-1.980198019801982,5.457806213949867,-12.202686227987469
471.36,295.83,1223.6333333333334,567.5666666666667,246.13333333333333,199.60333333333327,770.7266666666666,2009Q3,3.903127204326351,0.4584352078239595,6.178538682031309,7.7467284278735615,3.735547407313744,-8.257878690383203,-9.047353059185436
523.8233333333334,307.7033333333333,1423.1266666666668,600.48,267.81666666666666,198.1933333333333,791.3466666666667,2009Q4,11.130204797465492,4.013566350043374,16.303358849328497,5.799025077817577,8.809588299024917,-0.7064010287069156,2.6753972441592166
562.0566666666667,325.8433333333333,1539.8733333333332,609.16,303.04,209.85666666666668,1046.753333333333,2010Q1,7.298898483585425,5.895288752153038,8.203533065691015,1.4455102584598922,13.152031862592573,5.88482626391742,32.27494060757188
552.0533333333333,336.1466666666667,1461.9166666666667,613.41,326.28000000000003,218.20666666666668,1026.2833333333333,2010Q2,-1.779773095239523,3.1620512925434774,-5.062537611318662,0.6976820539759565,7.6689545934530035,3.9789062375907402,-1.9555705578518823
537.7733333333333,337.1566666666667,1396.2166666666665,613.5833333333334,306.52000000000004,233.75,857.1333333333333,2010Q3,-2.5867065983962823,0.30046408313830764,-4.494100210910357,0.028257337398063243,-6.056148093661884,7.123216522562692,-16.48180327070172
584.9766666666666,366.32666666666665,1518.743333333333,673.4233333333333,332.18333333333334,252.2733333333333,851.5633333333334,2010Q4,8.777551880594036,8.651764263893135,8.77561982977808,9.752546516365591,8.37248249162641,7.924420677361854,-0.6498405537839202
647.9533333333334,405.4266666666667,1684.3866666666663,718.86,350.05,301.44,1022.75,2011Q1,10.765671565247636,10.673533640284628,10.906604802654819,6.747117959480664,5.378556018263003,19.48944266800561,20.102634761947623
691.0033333333334,408.94,1867.83,730.0666666666666,325.81666666666666,317.12333333333333,931.0666666666666,2011Q2,6.643996995668422,0.866576775084682,10.890808919567174,1.5589498186943995,-6.922820549445319,5.202804317055909,-8.964393383850734
653.5466666666667,413.4966666666666,1684.4666666666665,771.8133333333334,326.2333333333333,301.9166666666667,925.3266666666668,2011Q3,-5.420620257499964,1.1142628910516539,-9.816917670951508,5.718199251209954,0.12788377922143823,-4.795190094285074,-0.6164972075039188
640.26,387.77,1702.3033333333333,716.4233333333333,306.87666666666667,287.03666666666663,864.2566666666667,2011Q4,-2.033009629508742,-6.221734959572423,1.0588910436537757,-7.176605742321129,-5.933381015632966,-4.928512282638719,-6.599831410889145
643.5733333333334,410.21,1645.87,762.6733333333333,318.29,303.36333333333334,994.2233333333334,2012Q1,0.517498099730318,5.786935554581318,-3.315116185717004,6.455680300753275,3.7191922922346743,5.6880073393643205,15.037970973129134
614.04,405.9633333333333,1528.9433333333334,719.0933333333334,332.2033333333333,311.1066666666666,955.18,2012Q2,-4.588961630894184,-1.03524211176389,-7.104246791463876,-5.714110890639057,4.3712756710337475,2.552494808205763,-3.9270184096799277
618.4499999999999,396.5633333333333,1574.4166666666667,685.6333333333333,331.2,311.1933333333333,911.1933333333332,2012Q3,0.7181942544459696,-2.3154800515646,2.974167344331491,-4.6530816583846395,-0.3020238608884118,0.0278575408220183,-4.605065711872824
603.3966666666666,408.23333333333335,1475.2166666666665,723.8166666666666,349.49,306.68333333333334,903.3466666666668,2012Q4,-2.434042094483513,2.9427834141667386,-6.30074630815648,5.5690602362778785,5.522342995169094,-1.4492598384712618,-0.8611417993985571
615.8466666666667,399.42,1551.2833333333335,657.9566666666666,380.47,307.3933333333334,1053.013333333333,2013Q1,2.0633193200713773,-2.1588960561770176,5.156304723599958,-9.098989154712289,8.864345188703538,0.2315091571110317,16.568021136219357
623.5066666666667,381.2,1636.9633333333331,610.3033333333334,355.09,305.7933333333333,1087.993333333333,2013Q2,1.243816101410511,-4.561614340794162,5.523168989116511,-7.242624894243265,-6.670696769784756,-0.5205057580949801,3.3218952593192963
638.1566666666666,366.43666666666667,1750.9266666666665,588.5333333333333,355.18333333333334,285.8333333333333,1096.6266666666668,2013Q3,2.349614011077139,-3.8728576425323458,6.961874527835077,-3.567078665800083,0.026284416157418278,-6.527284222459606,0.7935097641529998
595.4533333333334,359.25666666666666,1578.83,581.6933333333333,378.8966666666667,263.96,1143.64,2013Q4,-6.69166923482738,-1.9594109032029183,-9.828890606497886,-1.1622111463525209,6.676364318896355,-7.652478134110785,4.28708645908058
629.0066666666667,360.9966666666666,1725.0166666666669,570.3366666666667,381.3633333333333,272.3333333333333,1336.0,2014Q1,5.634922412055787,0.4843333920966364,9.259177154390708,-1.952346024251017,0.651013029058034,3.1721978077486446,16.81997831485431
649.5266666666666,373.06666666666666,1779.8333333333333,587.0933333333334,367.36,297.7033333333333,1309.513333333333,2014Q2,3.2622865682398583,3.343521177480868,3.1777470749074777,2.9380307537653083,-3.6719139228557074,9.31578947368421,-1.9825349301397344
621.38,372.2733333333333,1659.073333333333,590.3766666666667,374.78,290.21666666666664,1275.1633333333332,2014Q3,-4.333412023114269,-0.2126518942101585,-6.784904953647352,0.5592523619186052,2.0198170731707155,-2.51480780642922,-2.623111893986052
520.9633333333333,358.4866666666667,1283.02,558.2066666666666,370.75,281.9866666666667,1185.4433333333334,2014Q4,-16.16026693274112,-3.7033720742823295,-22.66646843016783,-5.449063592169978,-1.0752975078712756,-2.8358123241256417,-7.035961406251213
399.5133333333333,341.2133333333333,850.0799999999999,538.4133333333333,348.71000000000004,263.23,1289.9133333333332,2015Q1,-23.312581179737524,-4.818403287895423,-33.743823167214856,-3.5458790651013317,-5.944706675657441,-6.6516147335571425,8.812736725781889
434.4166666666667,337.66333333333336,1023.99,537.7133333333334,323.43333333333334,266.59666666666664,1365.7300000000002,2015Q2,8.736462696280478,-1.0404048298229718,20.458074534161508,-0.13001163913720637,-7.248621108275266,1.2789828920209079,5.877655863184628
371.8366666666666,315.26,798.2599999999999,492.92,310.7633333333333,252.76666666666665,1108.1333333333334,2015Q3,-14.405524649913703,-6.634813769138892,-22.044160587505747,-8.330337106512765,-3.9173451509842416,-5.187611748083865,-18.861463588459415
340.38,297.32666666666665,707.4699999999999,473.99,307.3066666666667,226.36333333333332,1058.77,2015Q4,-8.45980762162597,-5.688426483960329,-11.373487334953525,-3.840379777651548,-1.1123148376578018,-10.445733878412245,-4.454638430995073
304.31666666666666,295.71,559.1633333333333,475.12,315.08,215.22333333333336,1319.31,2016Q1,-10.59502125075895,-0.5437341644431548,-20.962961915935185,0.2384016540433409,2.5295036445678543,-4.9212917286368345,24.607799616536163
365.0366666666667,311.8333333333333,781.3833333333333,501.09,342.1166666666666,225.57666666666668,1200.0833333333333,2016Q2,19.952899939755753,5.4524139641315195,39.7415185783522,5.4659875399898805,8.580889509542544,4.810506915297275,-9.037047143329978
362.79333333333335,307.6433333333334,782.0333333333333,512.23,358.65333333333336,205.0133333333333,1196.1433333333334,2016Q3,-0.6145501365159678,-1.343666488508799,0.08318580295629818,2.223153525314814,4.8336337506698746,-9.11589555657355,-0.32831053399068333
375.7166666666667,302.22,862.7833333333333,499.17333333333335,357.2133333333333,201.0,1211.28,2016Q4,3.5621749756518994,-1.7628639225076737,10.32564681812369,-2.5489851564076016,-0.4015019145693355,-1.9575962539021607,1.2654559236211727
400.58,319.83666666666664,935.2633333333332,519.0966666666667,381.44,214.58,1368.03,2017Q1,6.617575300536749,5.829086978580711,8.400718604516388,3.991265559057644,6.782128326676884,6.756218905472644,12.940855954032093
400.05,328.86999999999995,908.2566666666668,521.4,404.8133333333333,224.75,1275.7066666666667,2017Q2,-0.1323081531778847,2.824358266198357,-2.8876002836990433,0.44371953842892164,6.127656599552567,4.739491098890847,-6.748633680060623
404.73,341.38000000000005,895.2233333333334,544.3466666666667,412.6333333333334,236.35,1212.9066666666668,2017Q3,1.1698537682789611,3.8039346854380485,-1.4349835031947755,4.400971742743898,1.9317545535391112,5.161290322580636,-4.922761763414785
425.1033333333333,348.55,966.7433333333332,557.6233333333333,455.1933333333333,229.00666666666663,1212.4399999999998,2017Q4,5.033808547261942,2.1002987872751566,7.989067904843106,2.439009454759211,10.314241861216566,-3.1069741203018197,-0.03847506815585211
442.98,363.64,1006.2833333333332,573.3666666666667,496.25,234.46666666666667,1380.013333333333,2018Q1,4.205252056362774,4.3293645101133205,4.09002044665423,2.8232917082618547,9.01961071486108,2.384210066664738,13.821165033596161
484.4766666666667,376.63,1155.8566666666668,584.51,552.8066666666667,236.51666666666665,1388.743333333333,2018Q2,9.367616295694315,3.572214277857233,14.863938254633414,1.943491657461771,11.396809403862317,0.874324708558416,0.6326025835499127
456.5933333333333,347.83666666666664,1109.2666666666669,546.5966666666667,494.98333333333335,221.35666666666663,1174.6933333333334,2018Q3,-5.755351134901588,-7.6449919903707535,-4.030776595713991,-6.486344687573064,-10.45995586160322,-6.409696286378697,-15.413215304963945
393.50666666666666,331.75,874.5500000000001,538.6233333333333,419.62000000000006,218.58666666666667,1199.7133333333334,2018Q4,-13.816817299128326,-4.624775996396768,-21.1596249774626,-1.4587233731148563,-15.225428465604896,-1.251374102127767,2.1299175955142857
430.8466666666666,340.96,1006.9366666666666,552.9666666666667,439.82666666666665,220.9233333333333,1332.7066666666667,2019Q1,9.489038728695798,2.7761868877166584,15.1376898595468,2.6629617481604306,4.81546796307768,1.0689886543857385,11.0854259628689
442.8566666666666,338.15333333333336,1068.52,561.4733333333334,403.92,222.93,1260.6733333333334,2019Q2,2.787534621752541,-0.8231659627717658,6.115909309092604,1.538368798601475,-8.16382211174098,0.9083090664936844,-5.405040368973413
428.5933333333333,339.42,1000.8133333333334,592.8533333333334,390.7266666666667,213.75,1216.96,2019Q3,-3.220756151350701,0.3745835222680016,-6.336490348020307,5.588867384619034,-3.2663233643625778,-4.117884537747274,-3.4674591884760075
418.3999999999999,340.39000000000004,954.3866666666668,594.0933333333334,386.91333333333336,215.61,1246.4366666666667,2019Q4,-2.3783228857191863,0.2857816274821845,-4.638893699790836,0.20915797049299023,-0.9759593236533637,0.8701754385964877,2.422155754229127
372.87000000000006,339.0233333333333,747.8166666666666,590.7933333333333,386.43,215.21666666666667,1227.246666666667,2020Q1,-10.881931166347957,-0.40150023992089334,-21.644267173332977,-0.5554682765895436,-0.12492030945776555,-0.1824281495910851,-1.5395888546282488
311.7266666666667,326.7133333333333,514.1866666666666,587.0766666666667,357.42333333333335,203.58666666666667,1140.5966666666666,2020Q2,-16.398029697571104,-3.6310185139665885,-31.241614477701752,-0.6290975975806412,-7.506318522543964,-5.403856578641674,-7.060520297468065
405.9966666666666,377.5966666666666,754.5233333333332,657.75,539.0533333333333,212.14666666666668,1211.6533333333334,2020Q3,30.241236981115915,15.57430571142897,46.74113162535005,12.038177864333433,50.8164921148591,4.204597550592704,6.229780319657263
425.92,392.6566666666667,801.0966666666667,679.7466666666668,524.9,231.12,1329.67,2020Q4,4.9072652484831725,3.988382665807455,6.172550440233815,3.3442290637273775,-2.6255905414430236,8.943498208786371,9.74013469199111
528.5533333333334,441.0833333333333,1092.3866666666663,711.0866666666667,681.4366666666666,265.40000000000003,1434.21,2021Q1,24.096856999749573,12.333081487643982,36.361404574562314,4.610541182008965,29.822188353337143,14.83212184146765,7.862101122834986
606.0400000000001,510.9333333333334,1241.8366666666668,782.0166666666668,897.6066666666666,307.61,1477.5466666666669,2021Q2,14.660141518358284,15.836009824296248,13.681053106958508,9.97487413629845,31.722683937367613,15.904295403165026,3.021640252589708
622.6566666666666,481.16,1377.5633333333335,865.1933333333333,516.4399999999999,322.06666666666666,1728.65,2021Q3,2.741843222669549,-5.827244258872655,10.92951032207672,10.63617569958013,-42.464776702490326,4.699673829416029,16.99461269130811
673.54,517.6066666666667,1503.3333333333333,898.04,662.1,322.0366666666667,1765.08,2021Q4,8.171972783288805,7.574749909939871,9.129888764944848,3.7964539717519896,28.204631709395112,-0.009314841647678485,2.1074248691175024
802.9499999999999,588.8633333333333,1825.9233333333332,968.9733333333334,890.1966666666667,347.97333333333336,1905.55,2022Q1,19.213409745523656,13.766566633608534,21.458314855875837,7.898683057918743,34.45048582792127,8.053948308163662,7.95827951141026
902.15,597.1233333333333,2208.9666666666667,1028.1766666666665,714.3433333333332,380.8333333333333,1717.8166666666666,2022Q2,12.354442991468972,1.4027023814241035,20.97806224065635,6.109903265311711,-19.75443628561481,9.443252356502407,-9.851923766541592
770.89,517.0366666666666,1867.4333333333332,883.62,596.6366666666667,335.67333333333335,1675.97,2022Q3,-14.549686859169764,-13.412081256245223,-15.461226214368718,-14.059516360677303,-16.4776041399327,-11.85820568927789,-2.436037993965201
675.3000000000001,482.21,1565.1833333333334,803.5366666666665,533.5733333333334,328.05333333333334,1719.3933333333334,2022Q4,-12.399953300730315,-6.735821443998169,-16.185316744908327,-9.063096504530622,-10.569805185735582,-2.2700641496693263,2.590937387502956
620.4466666666667,478.1333333333334,1356.6633333333332,814.5033333333334,500.19666666666666,326.5333333333333,1750.38,2023Q1,-8.122809615479543,-0.8454131325908998,-13.322400996688366,1.3647997809683288,-6.255310110450307,-0.4633392944236814,1.8021860423637737
608.0133333333333,460.63000000000005,1347.42,767.65,449.32,331.19666666666666,1721.7300000000002,2023Q2,-2.0039326506710364,-3.660764082543222,-0.681328455352459,-5.752380796477219,-10.171332609173723,1.4281339322172348,-1.6367874404415006
635.29,451.3633333333333,1483.6166666666668,739.4666666666667,429.70666666666665,335.24666666666667,1600.0600000000002,2023Q3,4.48619547816933,-2.0117375478511557,10.107959408845545,-3.6713780151544695,-4.365114691830618,1.2228383941062182,-7.066729394272042
597.57,431.0033333333333,1378.9633333333334,729.25,431.08,301.46,1590.9,2023Q4,-5.937445890852988,-4.510778456380304,-7.053933518316735,-1.3816263974035348,0.3195978652103859,-10.078151410901437,-0.5724785320550541
593.2233333333334,434.50666666666666,1350.0866666666668,729.6,457.99,298.4533333333333,1814.9133333333327,2024Q1,-0.7273903754650868,0.8128320739978934,-2.09408517026074,0.04799451491257489,6.242460796139926,-0.9973683628563212,14.080918557629808
635.7133333333333,458.4333333333333,1464.64,803.2266666666668,452.9866666666667,308.3533333333333,1742.28,2024Q2,7.1625638461062735,5.506628206701847,8.484887389945328,10.09137426900586,-1.092454711529367,3.317101501072184,-4.002027645029848
603.9266666666666,448.8766666666667,1359.3633333333337,799.94,450.97,294.8433333333333,1624.22,2024Q3,-5.000157303606445,-2.0846360794008367,-7.187886898259399,-0.40918296205306737,-0.4451933831753685,-4.3813374267615,-6.776178341024397
603.6633333333333,462.2033333333334,1326.6033333333337,827.66,473.9666666666667,298.00333333333333,1797.2933333333333,2024Q4,-0.0436035280221625,2.9688927173759705,-2.409951717593284,3.4652598944920676,5.099378376980002,1.0717556216295776,10.655781441758716
629.58,482.87000000000006,1377.61,869.6466666666666,479.9766666666667,312.18666666666667,1946.0366666666669,2025Q1,4.293231878696191,4.471336569042483,3.8449071689351744,5.072936552046325,1.2680216611576034,4.759454592230505,8.275963114906126
615.43,509.1133333333333,1254.14,927.65,476.6000000000001,335.2333333333333,1771.14,2025Q2,-2.247530099431383,5.434865146588774,-8.962623674334525,6.669758599277875,-0.7035064204509833,7.382335354915859,-8.987326377885996
616.0166666666668,520.6866666666666,1229.57,961.8466666666668,484.78,338.45,1763.9033333333334,2025Q3,0.09532630301851697,2.2732332028231994,-1.9591114229671414,3.686375967947697,1.7163239613931847,0.959530675151643,-0.40858806569027406
