,quarter,Consumption_growth,Government_growth,Investment_growth,Exports_growth,Imports_growth,CPI_growth,Population_growth,Unemployment_rate,M.BCPI_growth,M.BCNE_growth,M.ENER_growth,M.MTLS_growth,M.FOPR_growth,M.AGRI_growth,M.FISH_growth,US_GDP_growth,TPUQ,TARIFFVOL,tbill_3m
0,2000Q1,1.0658014207124866,1.1340153745398096,0.8977797403744381,3.329394528,2.131251751549912,0.6398862424457974,0.1107368575984812,6.866667,7.957180033120426,4.561767759157664,11.01932086101838,4.5806023084731695,3.830421444267973,6.1778634492277495,2.36635601,0.3627934087263806,32.37723684436769,0.15628648,5.27
1,2000Q2,0.8651053901297612,1.1021240879813154,0.6828706310921806,1.4836097548810878,0.5757934728533698,0.4592016955139444,0.2232794529178461,6.666667,5.380915336,-2.772813661,16.407504040509924,-4.378774806,-5.572959777,3.9334782706143656,2.610905730129409,1.821287813135264,37.32516145334657,0.148465937,5.53
2,2000Q3,1.2819438077149805,0.4676340639079068,1.2017809370695076,0.8272339529250772,0.9795223054264168,0.9142053445851062,0.2997316796773841,6.9,4.086173553203443,-4.956893408,15.686097974733926,1.0652430007268563,-8.46389419,-4.017510567,-5.350436911,0.1019325863560904,31.52960320607463,0.138617227,5.56
3,2000Q4,0.234856842,0.6102939128443285,0.4506851867643213,0.1789559625585024,-0.874907743,1.0801393728222974,0.3201455529980856,6.9,5.740799936069063,-3.221647507,17.439388540041058,-3.608451962,-3.716543832,-1.716506774,-5.043167952,0.5970387927816567,27.40089206194314,0.107933189,5.49
4,2001Q1,0.774140607,1.2808563650625215,2.7218477249289386,-1.676192197,-2.666060962,0.2412961047914441,0.1314710263643936,7,-5.848566435,-1.0483078,-10.27857125,-0.832325623,-2.01309329,-0.196593896,13.515337398521844,-0.327798808,23.90426173219079,0.124375358,4.58
5,2001Q2,0.1839823930002149,1.256457682250134,1.326852619883501,-1.294039677,-0.702814445,1.3067400275103225,0.280799902,7.1,-4.352624819,10.84416521084095,-19.07690394,-2.61263248,17.277177474271177,15.588996541377488,-1.778130596,0.62450293,30.75592744469702,0.0900584,4.3
6,2001Q3,0.2811537527636076,0.2870460353453508,1.2270123969937874,-2.121027103,-2.295097754,0.033944331,0.355404271,7.166667,-13.88603319,-4.079006348,-23.75858077,-6.154010097,-6.46596113,1.815119389676001,-5.354126951,-0.400639195,28.90472777833688,0.05658221,3.05
7,2001Q4,1.2416368247333276,0.1354855497034623,-2.698815314,0.3572624150061099,-2.385383104,-0.508992195,0.3482109052119986,7.633333,-13.15036119,-9.367180198,-17.15067009,-2.590379402,-13.80130247,-8.078861836,-10.28049551,0.2747754478590769,30.66379664625423,0.088610417,1.95
8,2002Q1,1.5234764920389663,0.6953280407161255,0.2524028877589179,1.6961047009715458,0.611579626,0.7162346521146112,0.1285719531188833,7.933333,6.428310937806825,5.415474685649646,7.528271896935923,5.417613801946719,6.663677251912548,1.7001905568494902,22.82605912128997,0.8363586564324121,39.15348517850938,0.118692261,2.3
9,2002Q2,1.292316772,0.4090361695942901,1.3490817984086243,-0.159522508,4.806028921235983,1.083643752116492,0.2688128575359272,7.7,10.58159916707304,-0.926159672,25.49897446778415,2.2447681972742384,-1.481585284,-1.936168884,-10.8479076,0.6127065840058066,39.15331952426894,0.090744735,2.7
10,2002Q3,0.2144538465210566,0.9872589826683154,1.564145983,2.2647098424666723,1.874700773,1.1055276381909618,0.3408251490224057,7.533333,-1.00946297,-3.181883331,1.787052744,-1.995403542,-7.388729408,3.7046472623824434,-7.934565269,0.4065114300350947,34.26853907387859,0.071595163,2.83
11,2002Q4,0.9867950961939044,0.7579236810928647,0.2707433703537543,-1.40070922,-0.232291156,0.8614976805831454,0.2917102570126229,7.566667,4.483559879122057,-2.332428654,12.983489651964964,2.110519491268237,-6.151912873,-0.970357026,5.683222976748903,0.123605053,29.70782316975341,0.058768138,2.63
12,2003Q1,0.4377169535190406,1.0965434349651249,0.902511026,-1.601855924,0.8676244630620333,1.2812089356110556,0.091374822,7.466667,17.48153440189899,4.484901561210597,31.714070095656275,5.336107208472929,6.532865176897662,-0.20672262,11.961799157145837,0.5266419858050542,26.70765763722525,0.066143203,3.14
13,2003Q2,0.8387433180517156,0.3558064803301342,0.9969539151149842,-2.003025346,0.1921353486789678,-0.518975024,0.2221419934264945,7.666667,-3.908625459,5.784977433913574,-12.10762666,-0.777182138,11.168214510159904,4.263164436342559,7.825380696130058,0.885621673,25.90271785,0.056849214,3.07
14,2003Q3,0.8685485816373628,0.258111039,3.141950551288275,1.2236103058748782,0.1553666987017976,0.5216824258232888,0.2951471827750129,7.8,-0.349090018,5.291867924240834,-4.865009016,4.921931547926772,12.36401095449866,-2.392116347,-12.23159089,1.663199956971062,30.93163776674597,0.043647869,2.58
15,2003Q4,0.1124730212739733,0.7863250790606235,2.274739590676589,3.199439642042168,4.723798717775418,0.4216672072656635,0.2960578824763304,7.433333,2.788163110614894,1.989812161731908,3.542236757213724,8.687296738,-1.029694557,1.8014167073766574,-11.64885935,1.160721398176312,42.74259576341935,0.061683919,2.57
16,2004Q1,1.2677433813033767,0.6459578782223474,2.3388410839782603,-0.09809796,0.8904632821443936,0.4844961240310086,0.1247221582485469,7.3,11.291592342723876,10.23596350582463,12.160838139111174,9.509452781,13.208996531974758,6.858216863615474,14.424850333993788,0.5666514539569345,31.13393789492091,0.046996805,1.98
17,2004Q2,0.4387393920709304,-0.179797411,1.5781930255614365,4.704479428739261,2.6960532414932903,0.7714561234329675,0.2170871139580255,7.166667,8.020236389684833,7.039425416071343,8.819754410835024,-2.647539796,13.275325297357687,10.442901783208258,-3.215829706,0.7749523237421174,27.44028497928177,0.052262286,2.01
18,2004Q3,0.9524761822819804,0.8219618278221041,1.4539494273847486,-0.328998506,2.8724023487362693,0.2551834130781527,0.2955059654503378,7,1.6031565771695178,0.7491582491582438,2.321626617375228,4.177120986604277,0.5144467935165542,-3.485023041,8.419340255,0.9485938887930924,30.55272431800247,0.038839833,2.45
19,2004Q4,0.833961021,0.5412704758762876,1.7099580679905024,-0.968044364,1.1284741179577118,0.7636016544702473,0.3112201404391834,7.133333,4.534514689445279,-4.136877409,12.443439692518377,7.638612497321118,-13.6130197,-1.997647761,4.034413691346006,1.0202081286209586,30.17393376,0.037707344,2.47
20,2005Q1,1.4229469324631427,-0.535575744,2.714199426830999,0.9920583970596032,3.3450928887082787,0.3789074834227968,0.1148753424309978,6.933333,5.055842159074087,5.412303746404867,3.5730242179801808,4.3811745074615605,11.164541295107067,-1.810886815,8.254026981288497,1.1093633541958248,23.53633129706395,0.039670255,2.56
21,2005Q2,0.8745840207665889,0.3536611618538021,2.411260556771966,-0.364278038,-0.735355577,0.4403900597672372,0.2043896415187429,6.8333330000000005,4.0911691071043865,-1.172871587,7.681307577306473,-0.360597666,-4.528363875,3.2270422124119458,-1.282911392,0.4926244548107306,34.49307368363176,0.034486611,2.48
22,2005Q3,0.6885995907253362,0.5655352247654344,2.702431944407113,1.4398121762208893,1.7573740625137502,0.9708737864077444,0.3178630720569897,6.7,15.028476811739022,-2.551660671,28.484919990341798,0.6554358329231125,-5.879710173,-1.456164844,-3.533944978,0.7838140345072908,26.57304630647297,0.036241464,2.86
23,2005Q4,0.9636334001922542,1.114182978652667,2.132417842553669,2.336947042170378,2.323009681714572,0.496277916,0.342957911,6.533333,5.940274615,2.846595368916782,7.848019629658887,6.9083565030747085,0.7231142662725842,-0.017933038,11.084267683984606,0.5555165396517348,31.50242315841783,0.063193442,3.37
24,2006Q1,1.400959817261338,0.4002695860867211,1.8407394638514372,-1.334519865,0.9085127813026171,0.6172839506172867,0.1285741666440243,6.6,-6.965357697,7.299331003971066,-15.46133725,14.92142827,4.353919839,0.071745018,6.337558372248142,1.3453837684874737,24.09044588865559,0.053510347,3.86
25,2006Q2,0.8872070846604796,1.066950459116156,0.8874941100584177,-0.377218087,2.6416207817944404,0.4294478527607337,0.2323266288539294,6.3333330000000005,3.134993578928813,7.889706372668859,-0.03794462,19.91979891,-2.14797136,5.366264585163005,-13.31759794,0.258752763,26.82289789141396,0.051598499,4.32
26,2006Q3,1.0561017842516618,0.3245359433007078,-0.019724939,-0.050519534,-0.150659602,0.061087355,0.3111224760719677,6.5,-1.243957224,1.3329624936905926,-2.797954899,7.527569123,-5.061716204,1.4118767754775607,-11.63853396,0.1499559256315619,26.22646074529716,0.044222773,4.15
27,2006Q4,1.0067167564110855,0.6270571106392397,0.5544481710013427,0.7593437481754561,-0.032345607,0.2747252747252737,0.3366348908374394,6.366667,-3.401856682,-0.010165598,-5.809538732,5.447955730357634,-6.452820769,0.010064243,3.055512704674168,0.8594498006118778,25.55573273368429,0.063114503,4.16
28,2007Q1,0.779404619,0.4006343823464098,1.4435393663852158,1.0065941852629878,2.1719458622449173,1.0654490106544845,0.1132437266986974,6.3333330000000005,1.5624800051186938,3.738270249387443,0.2183065248825944,4.709473159,2.653991549922164,2.430270198,7.412119851308541,0.3008356667056455,25.58803621,0.095903589,4.16
29,2007Q2,1.4960371087329616,0.4677614842636624,0.7407325070860837,1.5277898432544346,1.5907208530244965,0.6927710843373402,0.2081921769426786,6.2,7.728750346495983,5.358787902546092,9.455601295238855,7.549768308783533,0.1213079597517596,7.970919570343216,5.215377366629315,0.6117619579946387,31.47451097108992,0.081244725,4.42
30,2007Q3,0.930083354,1.394895018307829,0.4133225350154479,-1.844311919,2.4271645114327223,0.029913252,0.3139209205500259,6,-1.48128655,-4.916934869,1.156749063845175,-14.00299431,1.2429818583065575,4.795268425841681,-6.768297298,0.5760257959612325,22.18053998,0.060857424,3.97
31,2007Q4,1.8481185191825624,0.03399386,1.1966243983913216,-2.327325599,2.0944080559043954,0.6877990430622205,0.3436784085663502,6.1,9.411932307,-0.59088241,17.429821506412992,-1.056320288,-5.194041971,5.944835171196194,-4.284013341,0.6282367318126258,25.02436365046709,0.045436718,3.86
32,2008Q1,0.847378797,0.8953031221899277,2.288072099462513,-1.453412007,0.1300475312261406,0.3267003267003243,0.1464884556103607,6.133333,11.95835571252639,8.754526846165977,14.71567965055074,7.034149542862322,-3.52429362,22.14724764,23.02372345,-0.426764321,26.24565297561617,0.056284797,1.72
33,2008Q2,0.2050064417844277,2.182513465828273,-0.621641533,0.9152223207618436,0.7228383550888173,1.3321492007104752,0.2333778776095529,6.166667,20.059118552080047,7.1458303170696125,28.40576782155504,14.395433041731632,8.081775700934601,-1.604714618,-13.36985341,0.5954282618129358,30.59643635839545,0.056080237,2.6
34,2008Q3,0.093929892,-0.036257515,-0.860744782,-0.803293095,-2.682218205,1.1685655857434971,0.361948181,6.233333,-7.303035195,-4.046989671,-9.108679333,-6.291037293,7.814695518709858,-8.722681244,-11.50522588,-0.525258051,29.50669139834588,0.052512629,1.92
35,2008Q4,-1.170203614,1.4495584109897486,-4.124735483,-4.574915717,-6.150760209,-0.981807681,0.3780156811540092,6.7,-38.72710806,-23.33101561,-46.12331002,-26.36880929,-16.66399326,-24.3593894,-15.35452396,-2.189026595,30.63700514824956,0.141511333,0.83
36,2009Q1,-0.334986588,0.009750658,-10.07522819,-8.609827127,-9.668465553,-0.320793234,0.1641327903071809,8,-15.29458582,-3.486436534,-22.15091298,-3.780963925,-12.63984794,1.8814814814815064,28.176059424261048,-1.134874297,27.88893702837862,0.13549322,0.39
37,2009Q2,0.7627786506307022,0.7844764657060299,-0.475146656,-4.035482968,-1.572406897,0.2340550029256816,0.2529365269350769,8.633333,14.17449664429531,5.081358835284044,20.92358704054116,9.985314690181712,-1.98019802,5.457806213949867,-12.20268623,-0.178650951,21.82107940103185,0.121635399,0.24
38,2009Q3,0.9565673966043464,0.5300756542229834,3.134213658943308,2.686242035098596,6.350107895036827,0.2335084646818419,0.3514052524886013,8.666667,3.903127204326351,0.4584352078239595,6.178538682031309,7.7467284278735615,3.735547407313744,-8.25787869,-9.047353059,0.3511923951750484,30.32166718338617,0.165667579,0.22
39,2009Q4,0.6239057963434158,0.8206530187250038,4.713075832915314,2.391914922355132,3.883033237741529,0.6406523005241915,0.382134214,8.599999999999998,11.130204797465492,4.013566350043374,16.303358849328497,5.799025077817577,8.809588299024917,-0.706401029,2.6753972441592166,1.0809136508185713,29.12462903130773,0.135270863,0.19
40,2010Q1,1.1145372375482632,0.8959577889102954,3.527967239,1.3926609348811292,4.411104514,0.4918981481481399,0.1493990520513799,8.366666999999998,7.298898483585425,5.895288752153038,8.203533065691015,1.4455102584598922,13.152031862592573,5.884826264,32.27494060757188,0.4845009505686004,23.96493920474747,0.10253668,0.28
41,2010Q2,0.8597644959165152,-0.113759296,2.128969074017495,3.278569337647097,2.816960013315017,0,0.2408972801811293,8.133333,-1.779773095,3.1620512925434774,-5.062537611,0.6976820539759565,7.6689545934530035,3.978906238,-1.955570558,0.9675861183124024,24.76039631390224,0.077152848,0.5
42,2010Q3,0.8055054412007934,0.3540510678597952,1.134669100666419,-0.018340024,1.8830095777687903,0.7198387561186292,0.3406297718995255,8.199999999999998,-2.586706598,0.3004640831383076,-4.494100211,0.028257337,-6.056148094,7.123216522562692,-16.48180327,0.7710849360473171,29.99312529007716,0.084533797,0.87
43,2010Q4,0.9573372002060544,0.6927791745208189,1.7626117534996766,2.424291834042358,0.3944012565230137,1.0005717552887372,0.3723735956187912,7.933333,8.777551880594036,8.651764263893135,8.77561983,9.752546516365593,8.372482492,7.924420677361854,-0.649840554,0.5251102608268665,31.23859566421777,0.070632605,0.98
44,2011Q1,0.2189453392613227,0.080504463,1.0623293028503955,0.1767404502268421,2.210224369013658,0.7076139258420655,0.099910552,7.8,10.765671565247636,10.673533640284628,10.90660480265482,6.747117959480664,5.378556018263003,19.48944266800561,20.102634761947623,-0.237204897,28.37964500694276,0.074626286,0.92
45,2011Q2,0.4587147312959505,0.3786669099867801,0.8631754792188806,-1.469215281,0.9508110523115398,0.9555930297920012,0.1870889648388773,7.733333,6.643996995668422,0.866576775,10.890808919567174,1.5589498186943995,-6.922820549,5.202804317055909,-8.964393384,0.6765822931436682,27.43007593463602,0.059761287,0.93
46,2011Q3,0.4308091421642013,0.4358455451418219,0.4010591483625259,5.527015609507568,0.7895930927380501,0.334075724,0.3174532227128601,7.433333,-5.420620257,1.114262891051654,-9.816917671,5.718199251209954,0.1278837792214382,-4.795190094,-0.616497208,-0.022312736,27.54620059322588,0.050830127,0.83
47,2011Q4,0.5984895708239124,0.2191206592673689,0.9795364376696593,1.2808578187034847,0.9834599910594656,0.6381798,0.3450631567908813,7.533333,-2.03300963,-6.22173496,1.0588910436537755,-7.176605742,-5.933381016,-4.928512283,-6.599831411,1.1230490567579965,34.70514616,0.064096307,0.83
48,2012Q1,0.5606490337048964,0.1323732116545573,2.7732112466940078,-0.176109171,1.7981658864934191,0.4687069203198168,0.1692480287359687,7.566667,0.5174981,5.786935554581318,-3.315116186,6.455680300753275,3.7191922922346734,5.6880073393643205,15.037970973129134,0.83859082,26.89637637123219,0.049737385,0.92
49,2012Q2,0.1382029551043606,-0.272228644,1.0470782813751356,0.084688405,0.026985642,0.054884742,0.2206510875873535,7.466667,-4.588961631,-1.035242112,-7.104246791,-5.714110891,4.371275671033748,2.552494808205763,-3.92701841,0.4463347461653111,23.75509877264099,0.084365974,0.86
50,2012Q3,0.6109070244159742,0.619957638,-0.141774491,-0.669210318,1.0775928518132585,0.054854635,0.3503767555406822,7.366666999999999,0.7181942544459696,-2.315480052,2.974167344331491,-4.653081658,-0.302023861,0.027857541,-4.605065712,0.1440279973229374,24.35008693,0.072968041,0.99
51,2012Q4,0.5395274458455335,-0.067408555,0.7236377703422114,-0.250722274,-0.346217083,0.4111842105263052,0.3502336778065107,7.366666999999999,-2.434042094,2.9427834141667386,-6.300746308,5.569060236277879,5.522342995169094,-1.449259838,-0.861141799,0.1156405537603655,27.08376073798031,0.053180369,0.92
52,2013Q1,0.669604585,-1.046365766,0.5509549159313565,1.5803505076419144,1.178013676406664,0.4095004095004073,0.1344080272432046,7.166667,2.0633193200713773,-2.158896056,5.156304723599958,-9.098989155,8.864345188703538,0.2315091571110317,16.568021136219357,0.9865606638638448,27.77752124434428,0.06029701,0.97
53,2013Q2,0.9170056440872988,-0.44535972,0.022641985,1.8339017735334195,1.0567476194437877,-0.163132137,0.2143611076884433,7.166667,1.243816101410511,-4.561614341,5.523168989116511,-7.242624894,-6.67069677,-0.520505758,3.3218952593192963,0.2676363348129262,23.93689591041815,0.049248875,1.03
54,2013Q3,0.6988756943870911,0.5009285798374341,0.1076727143169309,-0.703336158,-0.455640194,0.4357298474945592,0.3559417033142775,7.233333,2.349614011077139,-3.872857643,6.961874527835077,-3.567078666,0.026284416,-6.527284222,0.7935097641529998,0.851393569,23.48369707,0.049520366,0.98
55,2013Q4,0.5956939227987013,0.6148520721375395,0.3586541032860824,1.3899897799829253,0.186308225,0.2711496746203856,0.3665945364372813,7.266667,-6.691669235,-1.959410903,-9.828890606,-1.162211146,6.676364318896355,-7.652478134,4.287086459,0.8717417534272576,26.95959153526092,0.076847574,0.91
56,2014Q1,0.2833217682752353,0.2882029252715634,0.2298233514631986,-0.329842514,-0.594357209,0.7842076798269426,0.1062948831819898,7.233333,5.634922412055787,0.4843333920966364,9.259177154390708,-1.952346024,0.651013029,3.172197807748645,16.81997831485431,-0.345095985,25.64706725173153,0.08221667,0.89
57,2014Q2,0.9121629981017954,-0.373847717,0.8673384613880897,6.044261389522587,3.376233946,0.7512744834987872,0.2085764803455791,7.2,3.2622865682398583,3.343521177480868,3.1777470749074777,2.9380307537653083,-3.671913923,9.315789474,-1.98253493,1.2918421292132942,22.95716550731611,0.060686956,0.95
58,2014Q3,0.7445368231344007,0.045657866,1.3724753004833223,1.4934745078537317,0.4095421569901836,0.2929427430093279,0.3214163769863054,7.033333,-4.333412023,-0.212651894,-6.784904954,0.5592523619186052,2.0198170731707155,-2.514807806,-2.623111894,1.2153914093167906,20.77502084896319,0.064554154,0.92
59,2014Q4,0.7503346603848993,-0.302583008,1.3263644080109491,0.5375852236165324,0.7978518366593024,0.1327668613913868,0.3421537906488137,6.766667,-16.16026693,-3.703372074,-22.66646843,-5.449063592,-1.075297508,-2.835812324,-7.035961406,0.5057331362120498,24.91485144654604,0.066862776,0.91
60,2015Q1,0.1693625480133853,1.362537490642235,-4.215108052,-1.020685145,-0.452409677,-0.10607266,0.044263437,6.866667,-23.31258118,-4.818403288,-33.74382317,-3.545879065,-5.944706676,-6.651614734,8.812736725781889,0.9004849775657187,24.22620219567158,0.052051367,0.54
61,2015Q2,0.5374607563209732,0.1049034112425406,-2.755667437,1.3492372656870757,0.2423817193155875,0.5840191133527961,0.1003372321694451,6.933333,8.736462696280478,-1.04040483,20.458074534161508,-0.130011639,-7.248621108,1.278982892020908,5.877655863184628,0.6194050867588619,36.43682655666854,0.115483399,0.58
62,2015Q3,0.754847912,0.5801235435233698,-1.274278851,2.010057977119706,-1.189310665,0.607020322,0.2745660413561168,7.066667,-14.40552465,-6.634813769,-22.04416059,-8.330337107,-3.917345151,-5.187611748,-18.86146359,0.4002450612528241,30.38276580297405,0.16184103,0.43
63,2015Q4,0.7622871505510664,-0.277292393,-0.800369307,-0.803462833,0.039662271,0.1836306400839538,0.3335518118753544,7.133333,-8.459807622,-5.688426484,-11.37348733,-3.840379778,-1.112314838,-10.44573388,-4.454638431,0.1844791264636436,38.59815551,0.188830262,0.52
64,2016Q1,0.1327391435329561,0.8196663707215723,-1.973116801,2.271138851242527,0.2552886444099789,0.157109191,0.1336912315686111,7.233333,-10.59502125,-0.543734164,-20.96296192,0.2384016540433409,2.5295036445678543,-4.921291729,24.607799616536163,0.5795194060450148,40.85604174218805,0.142749472,0.44
65,2016Q2,0.4769914815726306,1.065105255820442,-0.725168211,-4.096743523,0.2848449914998774,0.6013071895424993,0.2757705814457001,7.133333,19.952899939755756,5.452413964,39.74151858,5.4659875399898805,8.580889509542544,4.810506915297275,-9.037047143,0.3211240684381167,59.65434727859314,0.12455021,0.49
66,2016Q3,0.6809733414746999,-0.019771751,0.2896782722168201,2.8888813156035864,1.1240663701168607,0.2858627858627782,0.3903097343324502,6.966667,-0.614550137,-1.343666489,0.083185803,2.223153525314814,4.8336337506698746,-9.115895557,-0.328310534,0.7093902550786346,44.67470559,0.084496501,0.51
67,2016Q4,0.7055248199949515,0.2115535851434202,-1.642985049,1.0075384714985036,-1.854777671,0.3627882871210186,0.4060225412323204,6.866667,3.5621749756518994,-1.762863923,10.32564681812369,-2.548985156,-0.401501915,-1.957596254,1.2654559236211729,0.5542991127484687,89.19846878559215,0.074417027,0.48
68,2017Q1,1.054636961348443,0.9922028095585622,2.871381417355412,0.6989275360158587,3.311820452972713,0.6196746707978429,0.1534775460173998,6.733333,6.617575300536749,5.829086978580711,8.400718604516388,3.991265559057644,6.782128326676884,6.756218905472644,12.940855954032092,0.4868902100417571,126.5685996220967,0.056321392,0.54
69,2017Q2,1.2797140801292797,0.1417788704041189,0.7734695544538983,1.362841080325761,1.835918264243364,0.051321529,0.2315227124295882,6.533333,-0.132308153,2.824358266198357,-2.887600284,0.4437195384289216,6.127656599552567,4.739491098890847,-6.74863368,0.5598725623111145,70.55454152790239,0.057443349,0.65
70,2017Q3,0.9593173158836564,0.7473692330730142,0.7473729715349764,-3.542446417,0.408724662,0.3334188253398373,0.4064440116326784,6.233333,1.1698537682789611,3.803934685438049,-1.434983503,4.400971742743898,1.9317545535391112,5.161290322580636,-4.922761763,0.7885241305547019,57.36905889379186,0.04104034,0.99
71,2017Q4,0.5772942663655467,0.8530762994324759,3.1523595765222234,1.802208250129067,2.4558277159483666,0.8179959100204526,0.4843333882883049,6.166667,5.033808547261942,2.1002987872751566,7.989067904843106,2.439009454759211,10.314241861216566,-3.10697412,-0.038475068,1.1270466267692791,46.17301411962775,0.032169021,1.05
72,2018Q1,0.6706921995615733,0.954607573,0.4401744698807386,1.6766132234428357,1.2582867577137558,0.8113590263691739,0.2165019269744439,5.9,4.205252056362774,4.3293645101133205,4.090020447,2.8232917082618547,9.019610715,2.384210066664738,13.82116503359616,0.8134098018182323,130.2666620566164,0.030356263,1.09
73,2018Q2,0.5858121036734776,1.0137070534811832,0.1361925810883457,3.084389228624796,1.7163535179895997,0.3018108651911433,0.2774120099575006,5.9,9.367616295694315,3.572214277857233,14.863938254633414,1.943491657461771,11.396809403862315,0.874324709,0.6326025835499127,0.5308251410129694,185.0270760384355,0.096169193,1.25
74,2018Q3,0.5510360814652948,0.345094879,-1.505227534,-0.458435078,-2.486765876,0.6519558676027826,0.4578108232105249,5.9,-5.755351135,-7.64499199,-4.030776596,-6.486344688,-10.45995586,-6.409696286,-15.4132153,0.6236974253114314,207.4398240919986,0.162735324,1.51
75,2018Q4,0.013993569,0.6926168872828153,-1.315045706,-0.290638835,-1.206441006,0.2740408570005126,0.5040512378137851,5.633333,-13.8168173,-4.624775996,-21.15962498,-1.458723373,-15.22542847,-1.251374102,2.1299175955142857,0.1416442191157108,154.8946025991042,0.453819488,1.67
76,2019Q1,0.540826584,-0.44274829,1.822105844567634,-0.052750533,2.6632372776767443,0.4223602484471955,0.2079228953379308,5.766667,9.489038728695798,2.7761868877166584,15.13768986,2.662961748,4.815467963,1.0689886543857383,11.08542596,0.6243180824466066,121.0934662222541,,1.66
77,2019Q2,0.2441191768052464,-0.070092492,-0.234059353,4.017020667953952,-0.496941489,0.816427511,0.2685998290808733,5.6,2.787534621752541,-0.823165963,6.115909309092604,1.538368798601475,-8.163822112,0.9083090664936844,-5.405040369,0.8351458407085399,182.3189605,,1.66
78,2019Q3,0.4778978080451468,0.8140353017289215,2.138259909942564,-0.860244625,-0.59925454,0.3926380368098225,0.4841488995330101,5.666667,-3.220756151,0.3745835222680016,-6.336490348,5.588867384619034,-3.266323364,-4.117884538,-3.467459188,1.170001856591063,178.7555115689171,,1.64
79,2019Q4,0.7168334286589806,0.8964840711482847,-0.773477395,-2.079256123,-1.244590127,0.415546321,0.5573508456412135,5.7,-2.378322886,0.2857816274821845,-4.6388937,0.2091579704929902,-0.975959324,0.8701754385964877,2.422155754229127,0.6818778695641736,135.1389614,,1.66
80,2020Q1,-2.074344405,-0.119711237,-1.597760235,-1.744930509,0.1153130879674169,0.1703992210321248,0.2644749168622118,6.6,-10.88193117,-0.40150024,-21.64426717,-0.555468277,-0.124920309,-0.18242815,-1.539588855,-1.316321672,98.87073816691311,,0.49
81,2020Q2,-14.14109952,-3.60100172,-13.03303946,-16.34583641,-22.93868792,-0.972053463,0.2075842866080091,13.5,-16.3980297,-3.631018514,-31.24161448,-0.629097598,-7.506318523,-5.403856579,-7.060520297,-7.876784496,60.60567657096685,,0.21
82,2020Q3,12.594443284807856,5.564464649924483,14.964138356981827,13.335217471475126,21.450894235774733,0.7116564417177784,0.057086941,10.03333,30.241236981115915,15.57430571142897,46.74113162535005,12.038177864333433,50.81649211,4.204597550592704,6.229780319657263,7.762279174873354,64.10366918469609,,0.12
83,2020Q4,0.5411820516992849,1.345916004559422,2.648188055,1.1881428995005106,2.837075223321972,0.8771929824561431,-0.003239664,8.833332999999998,4.9072652484831725,3.988382665807455,6.172550440233815,3.344229063727377,-2.625590541,8.943498208786371,9.740134692,1.1335151104298946,79.378654,,0.07
84,2021Q1,0.4076673344369785,1.4482057508279578,3.428871622432572,2.6950512337729604,2.7434053435438037,0.9661835748792312,0.081217741,8.466666,24.096856999749573,12.333081487643982,36.36140457456232,4.610541182008965,29.822188353337143,14.83212184146765,7.862101122834986,1.3958164607909662,53.040799,,0.09
85,2021Q2,-0.054450376,1.1402223474563211,1.5374664713603492,-3.380527762,-0.33017642,0.693779904,0.2171064381214504,8.133333,14.660141518358284,15.836009824296248,13.681053106958508,9.974874136,31.722683937367613,15.904295403165026,3.021640252589708,1.701891279127632,48.852583,,0.15
86,2021Q3,5.285366292019433,0.4690612089419455,-3.346123293,-0.159167423,-1.009677339,1.4017581373247934,0.2594221775154892,7.166667,2.741843222669549,-5.827244259,10.92951032207672,10.63617569958013,-42.4647767,4.699673829416029,16.99461269130811,0.8250528696774451,49.407744,,0.12
87,2021Q4,1.0330734392063334,0.7381204951457443,1.5656377691454892,3.162333525467953,5.109914309767127,1.5932521087160143,0.5763435769541525,6.166667,8.171972783288805,7.574749909939871,9.129888764944848,3.7964539717519896,28.204631709395112,-0.009314842,2.1074248691175024,1.7157551628220968,47.223019,,0.16
88,2022Q1,0.5094447926731638,1.1034725753432229,2.067107024,-0.577555329,0.1975786668081181,2.052583025830268,0.2733289067725186,5.766667,19.213409745523656,13.766566633608534,21.45831485587584,7.898683057918743,34.45048582792127,8.053948308163662,7.958279511,-0.254798627,51.512648,,0.58
89,2022Q2,1.9891768248067043,0.1184097452408439,-2.65276739,3.826348013842473,6.238056165797623,2.305084746,0.3309418965922184,5.166667,12.354442991468972,1.4027023814241035,20.97806224065635,6.109903265311711,-19.75443629,9.443252356502407,-9.851923767,0.1565470021716475,59.663552,,2.09
90,2022Q3,0.055628443,1.2264053921491105,-1.694156696,0.8307065136107905,0.1625649637000625,0.9719461011707508,0.6645205597734627,5.033333,-14.54968686,-13.41208126,-15.46122621,-14.05951636,-16.47760414,-11.85820569,-2.436037994,0.7218995545372753,60.466559,,3.55
91,2022Q4,0.049346472,0.952864749,-1.144994168,0.1450800624395176,-2.802026214,1.1157295996499617,0.8584284130282338,5.033333,-12.3999533,-6.735821444,-16.18531674,-9.063096505,-10.56980519,-2.27006415,2.590937387502956,0.6902403886895891,48.209235,,4.25
92,2023Q1,0.953953268,0.05709287,0.3763344158218551,3.0833164059855145,-0.643992369,0.7139766334919972,0.5519684600215458,5.066667,-8.122809615,-0.845413133,-13.322401,1.3647997809683288,-6.25531011,-0.463339294,1.8021860423637737,0.723850896,53.953724,,4.3
93,2023Q2,0.2193062292580094,0.2690537856119057,1.4132487392608306,0.3277364971194796,1.6950462203379812,0.6659505907626428,0.5720516390727015,5.233333,-2.003932651,-3.660764083,-0.681328455,-5.752380796,-10.17133261,1.4281339322172348,-1.63678744,0.6278719587201387,48.626566,,4.89
94,2023Q3,0.2154843603107803,1.375610546540429,-0.651632771,-0.890113412,0.332928096,1.1523687580025532,0.8099997339360954,5.5,4.486195478,-2.011737548,10.107959408845543,-3.671378015,-4.365114692,1.2228383941062182,-7.066729394,1.1536060385556546,62.28857,,5.07
95,2023Q4,0.3263737857039261,-0.506356573,-1.32842641,2.246369931,0.5077692609641193,0.611814346,1.045302205133858,5.733333,-5.937445891,-4.510778456,-7.053933518,-1.381626397,0.3195978652103859,-10.07815141,-0.572478532,0.8440571465622604,50.238332,,4.89
96,2024Q1,0.7879893229433943,1.4443692168810696,0.1499422613352896,-0.180089964,-0.270371412,0.4193751310547222,0.6345897107823406,5.9,-0.727390375,0.8128320739978934,-2.09408517,0.047994515,6.242460796139926,-0.997368363,14.080918557629808,0.2098613427756968,71.45,,4.99
97,2024Q2,0.4123868033355071,1.3640391395335794,0.8199866302228243,-1.225688489,0.00201471,0.5429108373355751,0.652606736,6.3,7.1625638461062735,5.506628206701847,8.484887389945328,10.09137426900586,-1.092454712,3.317101501072184,-4.002027645,0.8854862935244512,91.5,,4.64
98,2024Q3,1.0661457318113632,1.3415915706460613,-0.452758531,-0.153713002,-0.248937577,0.4776739356178616,0.6636497413034181,6.566667,-5.000157304,-2.084636079,-7.187886898,-0.409182962,-0.445193383,-4.381337427,-6.776178341,0.8247780216767531,109.38,,4.02
99,2024Q4,1.190470303237534,0.5860242485197897,2.172996279480399,1.7365136831973382,0.6170174628060243,0.4547333608929227,0.5617787595072476,6.733333,-0.043603528,2.9688927173759705,-2.409951718,3.465259894492068,5.099378376980002,1.0717556216295776,10.655781441758716,0.4598746857240599,237.39,,3.15
100,2025Q1,0.1413768499422651,-0.10710682,-1.261372118,1.423984927,0.8850989730091907,0.7613168724279751,0.1937261875968321,6.633333,4.293231878696191,4.471336569042483,3.8449071689351744,5.072936552046325,1.2680216611576034,4.759454592230505,8.275963114906126,-0.162516404,477.9135976,,2.64
101,2025Q2,1.079221705463107,1.2609048266187362,-0.088486414,-7.502136596,-1.311585903,0.5913539967373538,,6.933333,-2.247530099,,,,,,,,782.333334,,2.67
