quarter,Consumption,Government,Investment,Exports,Imports,Consumption_growth,Government_growth,Investment_growth,Exports_growth,Imports_growth
1990-01,599337.0,302683,251583,247653,230451,,,,,
1990-04,592638.0,299097,245503,256667,231011,-1.1177350972825018,-1.1847378280246956,-2.4166974716097633,3.6397701622835177,0.24300176610212443
1990-07,592941.0,305704,238767,255179,226643,0.05112733236816158,2.2089823702678313,-2.743754658802544,-0.5797395068318112,-1.8908190519066226
1990-10,591024.0,309111,230205,248406,223608,-0.32330366764989904,1.114476748750426,-3.585922677756981,-2.6542152763354365,-1.3391104071160398
1991-01,579203.0,307509,232129,243338,224153,-2.000087982890708,-0.5182604307190641,0.8357768076279859,-2.0402083685579275,0.24373009910199084
1991-04,588951.0,313289,229477,254099,228475,1.6830023325155485,1.8796197834860084,-1.1424681965631178,4.4222439569651995,1.928147292251281
1991-07,588667.0,311016,230225,263847,239050,-0.04822132910887733,-0.7255281864348873,0.3259585928001574,3.836300024793493,4.628515154830937
1991-10,592096.0,313447,233427,263412,243633,0.582502501414206,0.7816318131543154,1.3908133347811935,-0.1648682759326392,1.917172139719714
1992-01,592278.0,313952,231808,265729,243333,0.0307382586607563,0.16111176690158935,-0.6935787205421873,0.8796106479583399,-0.12313602837054072
1992-04,594721.0,312184,222221,273246,245926,0.41247522278389237,-0.5631434104576449,-4.135750276090555,2.828821844811813,1.0656178981067077
1992-07,597899.0,312118,226708,277420,250009,0.5343682163569063,-0.021141378161593227,2.019161105386069,1.5275612451783438,1.6602555240194272
1992-10,600089.0,317134,217324,285010,244810,0.3662825995695007,1.6070845000929035,-4.13924519646417,2.735923869944479,-2.079525137095062
1993-01,603297.0,314100,214916,295333,255921,0.5345873695401959,-0.9566933851305803,-1.108023043934403,3.6219781762043546,4.538621788325647
1993-04,605496.0,315441,220024,303793,263966,0.3644970884987053,0.42693409742120547,2.3767425412719367,2.8645630525542254,3.143548204328672
1993-07,609497.0,311795,224794,306126,265491,0.6607805831913005,-1.1558421384664674,2.1679453150565298,0.7679571287027676,0.5777259192471851
1993-10,611041.0,311541,227897,315043,272434,0.25332364228207727,-0.08146378229285656,1.3803749210388183,2.91285287757328,2.6151545626782013
1994-01,621028.0,307003,230849,317103,272298,1.63442387663022,-1.4566301064707354,1.295322009504285,0.6538789942960088,-0.04992034768054321
1994-04,622000.0,310889,238097,339637,284839,0.15651468210773345,1.2657856763614639,3.139714705283536,7.106208392856583,4.605615906102867
1994-07,624718.0,311184,238245,353026,287465,0.43697749196141,0.0948891726629153,0.06215954001940194,3.94215000132494,0.9219243151394219
1994-10,632022.0,309573,239923,367014,301101,1.1691675283888037,-0.5177001388246172,0.7043169846166819,3.9623143904415015,4.743533995442917
1995-01,631780.0,309216,233962,377157,301160,-0.03828980636749746,-0.11532013450785694,-2.4845471255361073,2.763654792460235,0.019594753919771613
1995-04,636625.0,308306,233410,369008,303572,0.7668808762543833,-0.29429266273414134,-0.2359357502500381,-2.160638673019455,0.8009031743923423
1995-07,643556.0,305815,232846,369390,302222,1.0887099941095713,-0.8079635167658084,-0.2416348913928279,0.10352079087716515,-0.44470504526109567
1995-10,643788.0,303017,233966,383332,305453,0.0360496988607073,-0.9149322302699381,0.4810046124906542,3.774330653239133,1.0690816684423954
1996-01,652580.0,303238,239120,384408,312064,1.365666958688272,0.07293320176755547,2.2028841797526066,0.2806966285100021,2.164326426651564
1996-04,653817.0,303211,239181,399326,311577,0.18955530356430383,-0.008903897268808247,0.025510204081635734,3.880772512538755,-0.15605773174733883
1996-07,656569.0,298582,248949,407651,323611,0.42091288540984095,-1.526659652849005,4.083936433077873,2.084762825360742,3.862287652811336
1996-10,668593.0,297912,260828,396761,330574,1.831338366569235,-0.2243939688259866,4.771660058887561,-2.6714027440138732,2.151657391126993
1997-01,680192.0,300334,265675,419228,350712,1.734837187945426,0.8129917559547728,1.8583127578327474,5.66260292720302,6.091828153454304
1997-04,686054.0,298101,272867,424556,358495,0.8618154873917927,-0.7435055638056243,2.707066905053157,1.2709074775539841,2.2191997992655033
1997-07,695004.0,298712,281110,436775,373575,1.304562031560197,0.2049640893522664,3.0208856329273948,2.878065555545084,4.206474288344331
1997-10,699756.0,298651,283836,444657,379040,0.6837370720168545,-0.020421007525639467,0.9697271530717533,1.8045904641978083,1.462892324165166
1998-01,700183.0,306684,283245,459134,383823,0.061021270271344186,2.6897616281211123,-0.2082188305923105,3.2557679289879626,1.2618720979316267
1998-04,708665.0,303542,283876,464300,385903,1.211397591772445,-1.0245073104563684,0.22277533583998643,1.1251617174942385,0.5419164562832313
1998-07,712685.0,304696,284439,473720,377232,0.5672637988330065,0.3801780313762215,0.1983260296749334,2.028860650441522,-2.246937701961371
1998-10,714820.0,303877,287616,492298,392484,0.29957133937152935,-0.26879250137842314,1.116935441342437,3.9217259140420513,4.043135258938801
1999-01,725308.0,307260,290806,510280,400011,1.4672225175568654,1.1132793860673784,1.1091177125055696,3.6526656618552256,1.9177851835998405
1999-04,732694.0,309229,298230,511000,407515,1.0183260077098355,0.6408253596302815,2.5529046855979676,0.14109900446812595,1.875948411418693
1999-07,741774.0,314132,300631,528775,417350,1.2392622295255507,1.5855563352725754,0.8050833249505507,3.478473581213315,2.413408095407532
1999-10,748920.0,314546,307982,543312,438897,0.963366200486937,0.13179173086472762,2.445190283104526,2.7491844357240725,5.1628129867018036
2000-01,756902.0,318113,310747,561401,448251,1.0658014207124866,1.1340153745398096,0.8977797403744381,3.32939452837413,2.131251751549912
2000-04,763450.0,321619,312869,569730,450832,0.8651053901297612,1.1021240879813154,0.6828706310921806,1.4836097548810878,0.5757934728533698
2000-07,773237.0,323123,316629,574443,455248,1.2819438077149803,0.46763406390790685,1.2017809370695076,0.8272339529250772,0.9795223054264168
2000-10,775053.0,325095,318056,575471,451265,0.23485684208075508,0.6102939128443285,0.45068518676432134,0.17895596255850243,-0.8749077425930452
2001-01,781053.0,329259,326713,565825,439234,0.77414060715848,1.2808563650625215,2.7218477249289386,-1.6761921973479144,-2.6660609619624798
2001-04,782490.0,333396,331048,558503,436147,0.1839823930002149,1.2564576822501339,1.3268526198835007,-1.2940396765784512,-0.7028144451476925
2001-07,784690.0,334353,335110,546657,426137,0.28115375276360766,0.2870460353453508,1.2270123969937874,-2.121027102808759,-2.295097753738995
2001-10,794433.0,334806,326066,548610,415972,1.2416368247333276,0.13548554970346238,-2.698815314374381,0.3572624150061099,-2.385383104494565
2002-01,806536.0,337134,326889,557915,418516,1.5234764920389665,0.6953280407161255,0.25240288775891795,1.6961047009715458,0.611579625551717
2002-04,816959.0,338513,331299,557025,438630,1.29231677197299,0.4090361695942901,1.3490817984086245,-0.15952250790891576,4.806028921235983
2002-07,818711.0,341855,336481,569640,446853,0.2144538465210566,0.9872589826683154,1.56414598293384,2.2647098424666723,1.87470077286096
2002-10,826790.0,344446,337392,561661,445815,0.9867950961939043,0.7579236810928647,0.2707433703537543,-1.4007092198581539,-0.23229115615202023
2003-01,830409.0,348223,340437,552664,449683,0.4377169535190406,1.0965434349651249,0.9025110257504521,-1.601855923768969,0.8676244630620333
2003-04,837374.0,349462,343831,541594,450547,0.8387433180517156,0.3558064803301342,0.9969539151149842,-2.00302534632254,0.19213534867896787
2003-07,844647.0,350364,354634,548221,451247,0.8685485816373628,0.258111039254616,3.141950551288275,1.2236103058748782,0.15536669870179765
2003-10,845597.0,353119,362701,565761,472563,0.1124730212739733,0.7863250790606235,2.274739590676589,3.199439642042168,4.723798717775418
2004-01,856317.0,355400,371184,565206,476771,1.2677433813033767,0.6459578782223474,2.3388410839782603,-0.09809796009269123,0.8904632821443936
2004-04,860074.0,354761,377042,591796,489625,0.4387393920709304,-0.17979741136747718,1.5781930255614363,4.704479428739261,2.6960532414932903
2004-07,868266.0,357677,382524,589849,503689,0.9524761822819805,0.8219618278221041,1.4539494273847486,-0.32899850624201754,2.8724023487362693
2004-10,875507.0,359613,389065,584139,509373,0.833961021161711,0.5412704758762876,1.7099580679905024,-0.9680443638965253,1.1284741179577118
2005-01,887965.0,357687,399625,589934,526412,1.4229469324631427,-0.5355757439247211,2.714199426830999,0.9920583970596031,3.3450928887082787
2005-04,895731.0,358952,409261,587785,522541,0.8745840207665889,0.35366116185380214,2.411260556771966,-0.36427803788220414,-0.7353555770005293
2005-07,901899.0,360982,420321,596248,531724,0.6885995907253362,0.5655352247654344,2.702431944407113,1.4398121762208893,1.7573740625137502
2005-10,910590.0,365004,429284,610182,544076,0.9636334001922542,1.114182978652667,2.132417842553669,2.3369470421703786,2.323009681714572
2006-01,923347.0,366465,437186,602039,549019,1.400959817261338,0.40026958608672114,1.8407394638514374,-1.334519864564998,0.9085127813026173
2006-04,931539.0,370375,441066,599768,563522,0.8872070846604796,1.066950459116156,0.8874941100584177,-0.3772180872003261,2.6416207817944404
2006-07,941377.0,371577,440979,599465,562673,1.0561017842516618,0.3245359433007078,-0.01972493912475448,-0.05051953421989497,-0.1506596015772188
2006-10,950854.0,373907,443424,604017,562491,1.0067167564110857,0.6270571106392397,0.5544481710013427,0.7593437481754561,-0.032345607484274286
2007-01,958265.0,375405,449825,610097,574708,0.779404619426316,0.4006343823464098,1.4435393663852158,1.0065941852629878,2.1719458622449173
2007-04,972601.0,377161,453157,619418,583850,1.4960371087329616,0.4677614842636624,0.7407325070860837,1.5277898432544346,1.5907208530244965
2007-07,981647.0,382422,455030,607994,598021,0.930083353811062,1.394895018307829,0.4133225350154479,-1.8443119186074663,2.4271645114327223
2007-10,999789.0,382552,460475,593844,610546,1.8481185191825622,0.03399386018587691,1.1966243983913216,-2.3273255986078767,2.0944080559043954
2008-01,1008261.0,385977,471011,585213,611340,0.847378796926157,0.8953031221899277,2.2880720994625126,-1.4534120071938106,0.13004753122614066
2008-04,1010328.0,394401,468083,590569,615759,0.20500644178442773,2.182513465828273,-0.6216415327879865,0.9152223207618437,0.7228383550888173
2008-07,1011277.0,394258,464054,585825,599243,0.09392989207466229,-0.036257514560056325,-0.8607447824424352,-0.8032930953030037,-2.6822182054992316
2008-10,999443.0,399973,444913,559024,562385,-1.1702036138466543,1.4495584109897486,-4.1247354833704675,-4.574915717151029,-6.150760209130524
2009-01,996095.0,400012,400087,510893,508011,-0.33498658752925126,0.009750658169416226,-10.075228190679974,-8.609827127278969,-9.668465552957494
2009-04,1003693.0,403150,398186,490276,500023,0.7627786506307022,0.7844764657060299,-0.47514665560240976,-4.035482968057891,-1.5724068967010507
2009-07,1013294.0,405287,410666,503446,531775,0.9565673966043464,0.5300756542229834,3.134213658943308,2.686242035098596,6.350107895036827
2009-10,1019616.0,408613,430021,515488,552424,0.6239057963434158,0.8206530187250038,4.713075832915314,2.3919149223551317,3.883033237741529
2010-01,1030980.0,412274,445192,522667,576792,1.1145372375482632,0.8959577889102954,3.5279672388092598,1.3926609348811292,4.41110451392408
2010-04,1039844.0,411805,454670,539803,593040,0.8597644959165152,-0.11375929600216939,2.128969074017495,3.278569337647097,2.8169600133150174
2010-07,1048220.0,413263,459829,539704,604207,0.8055054412007934,0.35405106785979523,1.134669100666419,-0.01834002404580426,1.8830095777687905
2010-10,1058255.0,416126,467934,552788,606590,0.9573372002060543,0.6927791745208189,1.7626117534996766,2.424291834042358,0.3944012565230137
2011-01,1060572.0,416461,472905,553765,619997,0.21894533926132276,0.08050446259064703,1.0623293028503955,0.17674045022684215,2.210224369013658
2011-04,1065437.0,418038,476987,545629,625892,0.45871473129595053,0.3786669099867801,0.8631754792188806,-1.469215280850178,0.9508110523115398
2011-07,1070027.0,419860,478900,575786,630834,0.4308091421642013,0.43584554514182194,0.4010591483625259,5.527015609507568,0.7895930927380501
2011-10,1076431.0,420780,483591,583161,637038,0.5984895708239124,0.2191206592673689,0.9795364376696591,1.2808578187034847,0.9834599910594655
2012-01,1082466.0,421337,497002,582134,648493,0.5606490337048964,0.1323732116545573,2.7732112466940073,-0.17610917053780817,1.7981658864934191
2012-04,1083962.0,420190,502206,582627,648668,0.13820295510436065,-0.27222864357984156,1.0470782813751356,0.08468840507511732,0.02698564209637766
2012-07,1090584.0,422795,501494,578728,655658,0.6109070244159742,0.619957638211277,-0.14177449094594508,-0.6692103180937381,1.0775928518132583
2012-10,1096468.0,422510,505123,577277,653388,0.5395274458455335,-0.06740855497344711,0.7236377703422114,-0.2507222736760628,-0.3462170826863953
2013-01,1103810.0,418089,507906,586400,661085,0.669604584903527,-1.046365766490731,0.5509549159313565,1.5803505076419144,1.178013676406664
2013-04,1113932.0,416227,508021,597154,668071,0.9170056440872987,-0.44535972005960156,0.02264198493422409,1.8339017735334195,1.0567476194437875
2013-07,1121717.0,418312,508568,592954,665027,0.6988756943870911,0.5009285798374341,0.10767271431693093,-0.7033361578420272,-0.4556401939314836
2013-10,1128399.0,420884,510392,601196,666266,0.5956939227987013,0.6148520721375395,0.3586541032860824,1.3899897799829253,0.18630822507959
2014-01,1131596.0,422097,511565,599213,662306,0.28332176827523536,0.28820292527156344,0.22982335146319866,-0.3298425139222516,-0.5943572086824167
2014-04,1141918.0,420519,516002,635431,684667,0.9121629981017954,-0.3738477174677901,0.8673384613880897,6.044261389522587,3.3762339462423796
2014-07,1150420.0,420711,523084,644921,687471,0.7445368231344007,0.04565786563746066,1.3724753004833223,1.4934745078537315,0.4095421569901836
2014-10,1159052.0,419438,530022,648388,692956,0.7503346603848993,-0.3025830082883485,1.3263644080109493,0.5375852236165324,0.7978518366593024
2015-01,1161015.0,425153,507681,641770,689821,0.16936254801338535,1.362537490642235,-4.2151080521185875,-1.0206851453142263,-0.45240967680487687
2015-04,1167255.0,425599,493691,650429,691493,0.5374607563209732,0.10490341124254066,-2.7556674368353407,1.3492372656870755,0.2423817193155875
2015-07,1176066.0,428068,487400,663503,683269,0.754847912409895,0.5801235435233698,-1.2742788505360592,2.010057977119706,-1.189310665473109
2015-10,1185031.0,426881,483499,658172,683540,0.7622871505510664,-0.27729239279740137,-0.8003693065244177,-0.8034628328734028,0.03966227064304828
2016-01,1186604.0,430380,473959,673120,685285,0.13273914353295613,0.8196663707215723,-1.973116800655228,2.271138851242527,0.2552886444099789
2016-04,1192264.0,434964,470522,645544,687237,0.4769914815726306,1.0651052558204421,-0.7251682107524027,-4.0967435227002635,0.2848449914998774
2016-07,1200383.0,434878,471885,664193,694962,0.6809733414746999,-0.01977175122538366,0.2896782722168201,2.8888813156035864,1.1240663701168607
2016-10,1208852.0,435798,464132,670885,682072,0.7055248199949515,0.21155358514342026,-1.6429850493234532,1.0075384714985036,-1.8547776712971364
2017-01,1221601.0,440122,477459,675574,704661,1.054636961348443,0.9922028095585622,2.871381417355412,0.6989275360158587,3.3118204529727135
2017-04,1237234.0,440746,481152,684781,717598,1.2797140801292795,0.14177887040411896,0.7734695544538983,1.3628410803257607,1.8359182642433636
2017-07,1249103.0,444040,484748,660523,720531,0.9593173158836565,0.7473692330730142,0.7473729715349764,-3.5424464171757153,0.408724661997395
2017-10,1256314.0,447828,500029,672427,738226,0.5772942663655467,0.8530762994324759,3.1523595765222234,1.802208250129067,2.4558277159483666
2018-01,1264740.0,452103,502230,683701,747515,0.6706921995615733,0.9546075725501701,0.4401744698807386,1.6766132234428355,1.2582867577137558
2018-04,1272149.0,456686,502914,704789,760345,0.5858121036734776,1.0137070534811832,0.13619258108834575,3.0843892286247954,1.7163535179895995
2018-07,1279159.0,458262,495344,701558,741437,0.5510360814652948,0.345094879194896,-1.5052275339322407,-0.4584350777324886,-2.4867658760168054
2018-10,1279338.0,461436,488830,699519,732492,0.013993569212278345,0.6926168872828153,-1.3150457056106513,-0.29063883527805645,-1.206441005776615
2019-01,1286257.0,459393,497737,699150,752000,0.540826583748788,-0.4427482901204094,1.8221058445676341,-0.05275053286615261,2.6632372776767443
2019-04,1289397.0,459071,496572,727235,748263,0.24411917680524642,-0.07009249161393782,-0.23405935263000055,4.017020667953952,-0.4969414893617019
2019-07,1295559.0,462808,507190,720979,743779,0.4778978080451468,0.8140353017289215,2.1382599099425637,-0.860244625189932,-0.5992545401817262
2019-10,1304846.0,466957,503267,705988,734522,0.7168334286589806,0.8964840711482847,-0.7734773950590523,-2.0792561225777773,-1.2445901269059756
2020-01,1277779.0,466398,495226,693669,735369,-2.0743444053934357,-0.11971123679481721,-1.5977602346269437,-1.7449305087338551,0.1153130879674169
2020-04,1097087.0,449603,430683,580283,566685,-14.141099517209154,-3.601001719561403,-13.033039460771445,-16.345836414774194,-22.938687924021817
2020-07,1235259.0,474621,495131,657665,688244,12.594443284807856,5.564464649924483,14.964138356981827,13.335217471475126,21.450894235774733
2020-10,1241944.0,481009,508243,665479,707770,0.5411820516992849,1.345916004559422,2.64818805528233,1.1881428995005106,2.837075223321972
2021-01,1247007.0,487975,525670,683414,727187,0.40766733443697856,1.4482057508279578,3.428871622432572,2.6950512337729604,2.7434053435438033
2021-04,1246328.0,493539,533752,660311,724786,-0.054450375980241716,1.1402223474563211,1.5374664713603492,-3.38052776208857,-0.3301764195454582
2021-07,1312201.0,495854,515892,659260,717468,5.285366292019433,0.4690612089419455,-3.346123293214831,-0.15916742262358508,-1.0096773392421987
2021-10,1325757.0,499514,523969,680108,754130,1.0330734392063334,0.7381204951457443,1.5656377691454892,3.162333525467953,5.109914309767127
2022-01,1332511.0,505026,534800,676180,755620,0.5094447926731638,1.1034725753432229,2.06710702350712,-0.5775553294476765,0.1975786668081181
2022-04,1359017.0,505624,520613,702053,802756,1.9891768248067043,0.11840974524084391,-2.65276738967839,3.8263480138424733,6.238056165797623
2022-07,1359773.0,511825,511793,707885,804061,0.055628443205635314,1.2264053921491103,-1.6941566960486987,0.8307065136107905,0.16256496370006257
2022-10,1360444.0,516702,505933,708912,781531,0.049346471800815195,0.952864748693405,-1.1449941675638398,0.14508006243951765,-2.80202621442901
2023-01,1373422.0,516997,507837,730770,776498,0.9539532681977381,0.05709286977793049,0.3763344158218551,3.0833164059855145,-0.6439923688247862
2023-04,1376434.0,518388,515014,733165,789660,0.21930622925800947,0.26905378561190574,1.4132487392608306,0.3277364971194796,1.6950462203379812
2023-07,1379400.0,525519,511658,726639,792289,0.21548436031078033,1.375610546540429,-0.6516327711479697,-0.8901134123969312,0.33292809563609804
2023-10,1383902.0,522858,504861,742962,796312,0.32637378570392617,-0.5063565732161934,-1.3284264098284426,2.24636993059828,0.5077692609641193
2024-01,1394807.0,530410,505618,741624,794159,0.7879893229433943,1.4443692168810696,0.14994226133528965,-0.1800899642242837,-0.2703714122102907
2024-04,1400559.0,537645,509764,732534,794175,0.41238680333550715,1.3640391395335794,0.8199866302228243,-1.225688489045662,0.0020147099006662117
2024-07,1415491.0,544858,507456,731408,792198,1.0661457318113632,1.3415915706460613,-0.4527585313988447,-0.15371300171732605,-0.24893757673056793
2024-10,1432342.0,548051,518483,744109,797086,1.190470303237534,0.5860242485197897,2.172996279480399,1.7365136831973382,0.6170174628060243
2025-01,1434367.0,547464,511943,754705,804141,0.14137684994226518,-0.10710682035065533,-1.2613721182758164,1.42398492693947,0.8850989730091907
2025-04,1449847.0,554367,511490,698086,793594,1.079221705463107,1.2609048266187362,-0.08848641352650066,-7.502136596418463,-1.3115859034671828
