REF_DATE,Final consumption expenditure,Gross fixed capital formation,General governments final consumption expenditure,Exports of goods and services,Less: imports of goods and services
1990-04-01,-0.011298727950839194,-0.024463787856747743,-0.011918117739517342,0.03575095204881862,0.0024270699424775444
1990-07-01,0.006715109448567347,-0.027820986104755363,0.021849378039439316,-0.005814265196571355,-0.01908923614961111
1990-10-01,0.0009683172113312821,-0.0365179647192555,0.01108312215870555,-0.026900755326526138,-0.013481573469816155
1991-01-01,-0.01571634744621342,0.008323035324007577,-0.005196080582527074,-0.020613080984356102,0.002434335590365322
1991-04-01,0.01726303392047157,-0.011490445005645,0.018621732112725553,0.04327253148727195,0.019097940751667153
1991-07-01,-0.002459871032474581,0.003254284993900569,-0.0072817294224503115,0.03764543483049643,0.045245939913845845
1991-10-01,0.006402797868151566,0.013812302788400288,0.007785928968502276,-0.0016500433323880515,0.018990259568967716
1992-01-01,0.0007107598836118001,-0.006959951574938117,0.0016098212112556354,0.00875764610480445,-0.0012321190307051921
1992-04-01,0.0012236473582234453,-0.0422370606301552,-0.005647350412164798,0.027895495877363174,0.010599802060550445
1992-07-01,0.0036853293043925817,0.019990463628204225,-0.00021143613266083605,0.01516011499497516,0.01646623954333748
1992-10-01,0.007315815835998052,-0.042273518267828436,0.01594307605693679,0.026991664037243623,-0.021014517737214078
1993-01-01,0.0008990103219534973,-0.011142073440090883,-0.009612990948491884,0.03557926589577498,0.044386403627663995
1993-04-01,0.0038164709015511278,0.02348937720045008,0.004260253194740216,0.028243015153396556,0.03095150386894474
1993-07-01,0.0012250464217533619,0.02144779596040891,-0.01162573916470322,0.0076502334848811415,0.00576063482869138
1993-10-01,0.001542344899732484,0.013709345224839353,-0.0008149698206363354,0.02871235553933893,0.025815441130486505
1994-01-01,0.007284855719211336,0.012870044629696764,-0.014673431227578249,0.006517504791705875,-0.0004993281203446998
1994-04-01,0.0047287720920898835,0.03091433653901632,0.012578415760861716,0.06865075797279196,0.045027053552397334
1994-07-01,0.0033806976073567085,0.0006214022897932381,0.0009484418134650952,0.03866430840160184,0.009177005331272525
1994-10-01,0.006830147450250124,0.007018482575405827,-0.005190448490454358,0.03885828585407225,0.04634464294177576
1995-01-01,-0.0005958058020851809,-0.025159329522521645,-0.001153866793396574,0.027261551915989557,0.00019592834398629577
1995-04-01,0.004662651267446805,-0.0023621451720163833,-0.002947265550755418,-0.021843222359624548,0.0079771296724509
1995-07-01,0.005557086001655165,-0.0024192729963168347,-0.00811245230641866,0.001034672450572316,-0.004456967994936889
1995-10-01,-0.002265706755707697,0.004798514815680832,-0.009191434413654775,0.03704845794937839,0.010634073962833668
1996-01-01,0.010051803372379098,0.021789712320224197,0.0007290661843253332,0.0028030341118370217,0.02141237435642651
1996-04-01,0.001361376062565256,0.00025506950782272497,-8.904293689226961e-05,0.038073637364661295,-0.0015617962866176782
1996-07-01,-0.0010971620582118646,0.040027468725760684,-0.0153843308181969,0.020633290291899087,0.03789567849795894
1996-10-01,0.012685053392212708,0.04661313004353751,-0.002246461093548646,-0.027077331900683177,0.021288360216132673
1997-01-01,0.01468521825037783,0.01841257100595506,0.008097047811833846,0.05508084037936811,0.05913483643429096
1997-04-01,0.0043113271387529295,0.026710739728537547,-0.007462833436191474,0.012628992287158525,0.021949339100558518
1997-07-01,0.010159334130387165,0.029761554821067904,0.002047543245421224,0.028374271403999174,0.04120407468643705
1997-10-01,0.005030175486240296,0.009650554767102193,-0.00020423092897381423,0.017885010080219033,0.014522952783018184
1998-01-01,0.007348603880796389,-0.002084359073815989,0.026542233942967286,0.03203890801174225,0.012539768412906938
1998-04-01,0.006305783288111044,0.00222527559510155,-0.010297915089180876,0.011188788573406327,0.005404533724696847
1998-07-01,0.005162031092801556,0.0019812962324525785,0.0037945718113050475,0.020085534827419593,-0.022725659756149597
1998-10-01,0.001474343300495562,0.011107437793604902,-0.0026915439706698407,0.03846779433913028,0.039635389268434906
1999-01-01,0.013610120571573958,0.011030121060978004,0.011071280434245878,0.03587537047766354,0.018996274669499158
1999-04-01,0.009095052718816277,0.02520862270837476,0.006387808039614029,0.0014099955336153158,0.018585695089539556
1999-07-01,0.013143307940032045,0.008018598188654025,0.015731176995902985,0.034193420362933935,0.023847456477342988
1999-10-01,0.007484244973378296,0.02415774062654208,0.0013170496179100155,0.027120729991535697,0.050339563104088825
2000-01-01,0.010805454194100506,0.008937736574109678,0.011276336215779281,0.03275170462915433,0.021088581979855192
2000-04-01,0.009229698339668246,0.0068054962989734236,0.01096094958995053,0.014727119206934702,0.0057414211813267
2000-07-01,0.010615099874810241,0.011946168902815302,0.004665440526741449,0.00823831126206187,0.009747560845495329
2000-10-01,0.0032447652382892045,0.004496726421955088,0.006084391620062135,0.001787960271567357,-0.008787575315661655
2001-01-01,0.00905879772423468,0.02685464176811081,0.01272722779326152,-0.016903992812101976,-0.027022449413745875
2001-04-01,0.00458104077041277,0.013181270295806513,0.012486297542505298,-0.013024853090074728,-0.007052958190067571
2001-07-01,0.002774790687311679,0.01219545616713269,0.0028663484489594993,-0.021438440958755578,-0.02321845167552361
2001-10-01,0.009424338449758096,-0.027359021272866713,0.0013539385084904154,0.0035662574876909048,-0.024142940508822264
2002-01-01,0.012932347658237475,0.0025208488665366957,0.006929217831116219,0.016818814474202526,0.00609717067519
2002-04-01,0.010479533897870041,0.013400627159047218,0.004082018908814433,-0.001596498805383817,0.0469411121185761
2002-07-01,0.0041315470872689275,0.01552039300583452,0.009824174209301262,0.022394460127758364,0.01857344836970931
2002-10-01,0.009245590634458623,0.0027037752068448384,0.007550658704928992,-0.014106117304541144,-0.002325613705952634
2003-01-01,0.006174407252553138,0.008984627342789153,0.01090574988872639,-0.01614824312166796,0.008638822321133333
2003-04-01,0.007122407466241043,0.009920171142081102,0.003551749865600584,-0.020233578674876185,0.0019195100480651206
2003-07-01,0.007108928008738857,0.030936014141841994,0.0025777850479418163,0.012161847071999077,0.0015524612951338668
2003-10-01,0.0029510338516001156,0.022492531656215675,0.007832496547790058,0.031493237219457626,0.04615620995348557
2004-01-01,0.01101529570633275,0.023119093150201664,0.006438805114639123,-0.0009814610763196896,0.008865220374715932
2004-04-01,0.002788149248591054,0.015658690543597586,-0.0017995924091902538,0.04597171443777093,0.026603500232248223
2004-07-01,0.009132153771572504,0.01443480931785146,0.008186021193818505,-0.0032954089629111394,0.02831922213127669
2004-10-01,0.00753517808255566,0.016955028379056714,0.005398108718043915,-0.00972760373404924,0.01122154348977844
2005-01-01,0.009038132897234874,0.02678018260471049,-0.005370150923129202,0.00987169802960608,0.032903618496806786
2005-04-01,0.007359137822415818,0.02382648694618439,0.0035303725135342745,-0.0036494314604649247,-0.007380726443892982
2005-07-01,0.006536979101607443,0.02666561074791396,0.005639420780282123,0.01429545312399938,0.017421108067475544
2005-10-01,0.009970864155441461,0.021099999487491417,0.011080216832642265,0.02310058542317428,0.022964385252898012
2006-01-01,0.01133347778974425,0.018240029270161884,0.003994706386318825,-0.01343504605882373,0.009044106309206157
2006-04-01,0.009302974483711424,0.008835790281114697,0.010612987080858005,-0.0037793134889323454,0.026073325131816816
2006-07-01,0.008617724801268878,-0.00019726884746695816,0.0032401046201844252,-0.0005053229963625228,-0.0015077320727456822
2006-10-01,0.009035803937516462,0.005529167650900391,0.006250992877220085,0.007564752455810009,-0.0003235083980417386
2007-01-01,0.006796427252030668,0.01433219532227703,0.003998339798842565,0.010015617684937084,0.0214869517724825
2007-04-01,0.012190386621735882,0.007380025566488868,0.004666708798620078,0.015162366578838515,0.01578201479866692
2007-07-01,0.01045520772205144,0.004124707038259956,0.013852558914537738,-0.01861531400145111,0.02398176986917555
2007-10-01,0.01365497482435174,0.011895214561835843,0.0003398808358223704,-0.023548354888717427,0.020727768396685775
2008-01-01,0.008561562948230517,0.02262288290329373,0.008913190458361697,-0.014640775080996704,0.0012996304266650327
2008-04-01,0.007188240573025695,-0.006235817688191148,0.02159037602490521,0.009110595411277345,0.0072023840011397056
2008-07-01,0.0005914761416452308,-0.008644705855214596,-0.0003626408918613322,-0.00806536877351327,-0.027188461237374284
2008-10-01,-0.004743778641570273,-0.04212216733050589,0.01439152749939332,-0.04682870412062634,-0.06348052324549869
2009-01-01,-0.0024079459496775257,-0.10619673397626173,9.750182823609066e-05,-0.09003223111236736,-0.10168356784516241
2009-04-01,0.007666756930870378,-0.0047627906582086155,0.007814154473040347,-0.0411916770950409,-0.015849003523129568
2009-07-01,0.008352058171212207,0.030860999247336096,0.00528675698264891,0.026507959315354768,0.06156637018549027
2009-10-01,0.006756203047057596,0.04605381265699826,0.008173039720650976,0.023637567663763903,0.038095399819335185
2010-01-01,0.010486995847241332,0.03467160508359335,0.008919679012100445,0.01383052518158756,0.04316584887998509
2010-04-01,0.005901226811314331,0.02106623129871643,-0.0011382405100377468,0.032259708185248925,0.027780134099430143
2010-07-01,0.00679449400121257,0.011282800153864514,0.003534257825181797,-0.0001834170603380869,0.018655004104687123
2010-10-01,0.008810587653282909,0.017472579090982876,0.006903904854787868,0.023953723425748308,0.003936255337386285
2011-01-01,0.0018058022388984796,0.01056726232221017,0.0008047207512920096,0.001765844480786427,0.02186152952721443
2011-04-01,0.0043580238341522914,0.008594714194410713,0.0037795177160280247,-0.014801151419209901,0.009463192936713938
2011-07-01,0.00431024419363446,0.004002570500373892,0.004348984892493135,0.05379680627519079,0.00786492119163995
2011-10-01,0.004929980097886144,0.009747700797060332,0.0021888094006978775,0.01272724214583576,0.009786554977873507
2012-01-01,0.0044243450080259095,0.027354542087776323,0.0013228567555980675,-0.0017626442504266038,0.01782190113393689
2012-04-01,0.0002600381559130227,0.010416343850016219,-0.002725998596091017,0.0008465256467911075,0.00026982001626940644
2012-07-01,0.006115635029315669,-0.0014187508606742227,0.006180438067351801,-0.006714595707800086,0.0107182819607754
2012-10-01,0.0037239420989472194,0.007210320752070842,-0.0006743128475488191,-0.002510371083189966,-0.003468178009550016
2013-01-01,0.0019878943687583472,0.005494427111692346,-0.010518786635101307,0.01567992993666323,0.011711291099745225
2013-04-01,0.005448708323198659,0.00022639422023651434,-0.0044635440083133915,0.018172886004027333,0.01051203068852935
2013-07-01,0.006440539015764912,0.001076147888262824,0.00499678106872814,-0.007058212257058827,-0.004566813978291506
2013-10-01,0.005993382314271045,0.003580124731545453,0.006129695692489889,0.013804180177327652,0.0018613488656846755
2014-01-01,0.0028471472202138415,0.0022955966153546115,0.0028778841686669665,-0.003303876934948491,-0.005961305412514051
2014-04-01,0.005643208772077912,0.008635986901138537,-0.003745482746031925,0.058686381248458375,0.033204903886627335
2014-07-01,0.005563805351497919,0.01363142157986097,0.0004564744560546785,0.014824319864006341,0.004087058157674406
2014-10-01,0.004689527218436851,0.013176452095732927,-0.0030304171622130838,0.005361453921622683,0.00794685827783681
2015-01-01,0.004839769038939679,-0.043065217540972256,0.01353338414950045,-0.010259298546445805,-0.004534361464518355
2015-04-01,0.004208291480653159,-0.027943482173157008,0.001048484260648408,0.013402161136035318,0.0024208844862041445
2015-07-01,0.00705927972373388,-0.012824674213403497,0.0057844730660026045,0.019901230053589458,-0.011964395441554032
2015-10-01,0.004855682618323698,-0.00803589455222209,-0.0027767756034453583,-0.008067079895997864,0.0003965440724353897
2016-01-01,0.003128012485793974,-0.019928426575260616,0.008163253503226997,0.022457324499152165,0.0025496333648202807
2016-04-01,0.006293813076993615,-0.007278103364075861,0.010594729676913772,-0.04183024766479981,0.002844400768911015
2016-07-01,0.004936849683231159,0.0028925951321738808,-0.00019773706093850762,0.028479397715420518,0.011177956913995146
2016-10-01,0.00573621693909665,-0.01656631730439173,0.002113301256486011,0.010024966399535984,-0.018721943692343146
2017-01-01,0.01033049791306162,0.028309297832597835,0.00987312796774198,0.006964963590494477,0.03258161198383824
2017-04-01,0.009741071725681394,0.007704936141731622,0.0014167845906047916,0.013536379232659712,0.018192687570204313
2017-07-01,0.008994678762109132,0.007445939774530785,0.0074459026672411,-0.03606713365495118,0.004078916517915587
2017-10-01,0.006475189426474515,0.03103692846406858,0.008494581659666878,0.017861609937552814,0.02426157059241696
2018-01-01,0.007424794105142851,0.004392085355545916,0.009500799854496478,0.016627132150363266,0.012504361170107003
2018-04-01,0.006958896809370785,0.0013609992311192087,0.010086035045741681,0.030377779687215778,0.01701790569272532
2018-07-01,0.004954642676759491,-0.015166710628864877,0.0034450079319778837,-0.0045948911394972924,-0.02518208259044208
2018-10-01,0.0019245675736598855,-0.013237689928610408,0.006902293146678673,-0.002910620100800898,-0.01213777572554342
2019-01-01,0.0027988686273872077,0.018057044304908842,-0.004437313230097217,-0.000527644508544256,0.026283904619964105
2019-04-01,0.0016135733668480867,-0.002343336997062906,-0.0007011706788571104,0.03938436003118895,-0.0049818034955873
2019-07-01,0.005649555324183098,0.021157198763029683,0.008107399060767406,-0.008639660870867871,-0.0060105727579280455
2019-10-01,0.007617201369605198,-0.00776484246374487,0.008924895086925844,-0.021011770465531043,-0.01252400018242028
2020-01-01,-0.015662581868113534,-0.016106620345707867,-0.0011978294793237865,-0.01760333869436259,0.0011524665349309515
2020-04-01,-0.1191784954079278,-0.1396419033789993,-0.03667437570733867,-0.17847898591197975,-0.2605688202548073
2020-07-01,0.0996428194287109,0.13945005336876726,0.05415161965528448,0.12517976756412708,0.1943398324282466
2020-10-01,0.007673917842822675,0.026137305643342046,0.01336939013905436,0.011811398976217191,0.027975755936346047
2021-01-01,0.007017678139245476,0.033713959764932966,0.014378194083251472,0.02659374316197116,0.027064483757177626
2021-04-01,0.002888354056780784,0.015257672179499693,0.01133770807398804,-0.03438988912150798,-0.003307227046867922
2021-07-01,0.0382034198546215,-0.03403387035922023,0.004679645448666392,-0.0015929422853933062,-0.01014809153286933
2021-10-01,0.009470862580561956,0.015535081016466279,0.007354097168528639,0.031133615217720845,0.04983641960344798
2022-01-01,0.006726412388397662,0.02046032296212985,0.010974287374700964,-0.005792296300276334,0.001973837368780096
2022-04-01,0.014570731241967394,-0.026885881792006572,0.0011833969619328144,0.03754958696326938,0.06051220294047077
2022-07-01,0.0037400885745455525,-0.017086717021291165,0.012189459678150882,0.008272751370673959,0.0016243296989397749
2022-10-01,0.002963818489758907,-0.011515996961339425,0.009483536265022963,0.0014497492299554438,-0.0284203205664344
2023-01-01,0.007050136439286092,0.003756280495043285,0.0005707657799973731,0.030367372406056248,-0.006460749455854398
2023-04-01,0.0023262052320163207,0.014033554812069582,0.002686924838330995,0.0032720061160400604,0.016808406148875576
2023-07-01,0.005326571485856135,-0.006537651661277621,0.013662349083261915,-0.008940985878441055,0.0033237511705923595
2023-10-01,0.0009431206660774905,-0.013373289235932617,-0.005076429022238926,0.02221510640337243,0.005064844602323149
2024-01-01,0.0096542128717374,0.0014982996017067762,0.014340375706231256,-0.0018025232115537193,-0.002707375758630448
2024-04-01,0.006753411675688881,0.008166430056016694,0.013548198673735357,-0.012332619991271443,2.0146896055450725e-05
2024-07-01,0.011374094179817718,-0.004537865870844371,0.013326719192376046,-0.0015383126135422032,-0.0024924794149949747
2024-10-01,0.010139298724467949,0.02149723259690184,0.005843138055743324,0.017216085895846334,0.006151217041704626
2025-01-01,0.0007094718315343584,-0.01269394952976377,-0.0010716422069556586,0.014139414939370099,0.008812049325886306
2025-04-01,0.011245217672300356,-0.0008852558586323056,0.012530216190409504,-0.07798464007614037,-0.013202631479012794
