quarter,Consumption_growth,Government_growth,Investment_growth,Exports_growth,Imports_growth,CPI_growth,Population_growth,Unemp_growth_pct,M.BCPI_growth,M.BCNE_growth,M.ENER_growth,M.MTLS_growth,M.FOPR_growth,M.AGRI_growth,M.FISH_growth,US_GDP_growth,TPUQ_growth,TARIFFVOL_growth
1992Q2,0.41247522278389237,-0.5631434104576449,-4.135750276090555,2.828821844811813,1.0656178981067077,0.7202881152460927,0.3130495963713953,3.7735849056603765,3.7366740624492856,2.288934165287171,6.90607949209503,1.1914512413616407,1.2633530746665178,4.843558854631036,4.691515994436712,1.0843032755055937,-11.053093027542559,-22.31465480799174
1992Q3,0.5343682163569063,-0.021141378161593227,2.019161105386069,1.5275612451783438,1.6602555240194272,0.35756853396902155,0.35927160030957417,4.84845454545455,0.550353426015282,-0.7344931685910883,3.331615132749133,1.8451771192978583,0.30882332845958427,-3.5083555819242496,-14.716525934861268,0.9881101865980568,33.37580191307477,-12.756711005735822
1992Q4,0.3662825995695007,1.6070845000929035,-4.13924519646417,2.735923869944479,-2.079525137095062,0.39588281868567776,0.36273674658979793,1.7341045474290606,-0.9364461738002539,-1.7024612008151863,0.7946321927914113,-8.24909971439216,1.8336125982535645,-0.3586727060318595,7.439762226694646,1.0428555994048683,7.163989272532434,-30.75140516238474
1993Q1,0.5345873695401959,-0.9566933851305803,-1.108023043934403,3.6219781762043546,4.538621788325647,0.6703470031545589,0.20869786684265534,-5.113637816374372,4.659718767184251,9.288083694820127,-4.7504199747666505,-0.9406255498260796,20.817893596243643,3.313723876912955,16.9449454558108,0.16694372234020705,-5.46515772560785,62.00202324082298
1993Q2,0.3644970884987053,0.42693409742120547,2.3767425412719367,2.8645630525542254,3.143548204328672,0.3133568350959681,0.23572908881255294,4.4910193086884265,-3.107447114602735,-4.967312631333165,1.094067883436045,-1.0807192042846192,-11.393456236505573,1.3777450375296096,-7.313771095032406,0.5821709439287392,-11.349353891374559,70.12062267033666
1993Q3,0.6607805831913005,-1.1558421384664674,2.1679453150565298,0.7679571287027676,0.5777259192471851,0.35142522452167313,0.29334778138170314,-1.7191982003433304,-3.7829393309490977,-2.2449480990111126,-7.092029158613322,-0.272095689286056,-5.030927835051546,1.3040318937920903,-16.63946837596776,0.477154822775705,10.924281411231496,-20.94274738517752
1993Q4,0.25332364228207727,-0.08146378229285656,1.3803749210388183,2.91285287757328,2.6151545626782013,0.46692607003890885,0.35508397419619087,-1.166151943484528,3.00980905223891,6.15909019509282,-3.4150408277753286,-3.294831311284696,16.11994894669666,1.0274702905996413,10.87034659820283,1.360149302911906,46.25928033947808,45.92958518076819
1994Q1,1.63442387663022,-1.4566301064707354,1.295322009504285,0.6538789942960088,-0.04992034768054321,-0.6196746707978096,0.1707494721766345,-2.3599115044247942,2.633978584269059,5.992631283014971,-4.440106162422075,8.93233082706766,5.690651558073667,4.265730240055254,5.93391070766951,0.9703629882517051,-36.28819266773699,-23.76302616021635
1994Q2,0.15651468210773345,1.2657856763614639,3.139714705283536,7.106208392856583,4.605615906102867,-0.3117692907248837,0.24856625999123416,-3.625378738785101,0.2678072802964948,-1.5230410564963104,4.573811594080568,4.095343272593421,-3.5573376790462463,-3.4912396937573753,-0.4251691386226275,1.355182630845131,-3.603199271944979,-20.105277862388384
1994Q3,0.43697749196141,0.0948891726629153,0.06215954001940194,3.94215000132494,0.9219243151394219,0.5863956215793609,0.32246014937049594,-4.70219583140935,-0.36835909315307,-0.07796773553343517,-1.0203834510595255,6.284653371559923,1.7697934499855794,-9.153492629531456,0.7881102915349381,0.5845845553328566,-18.61267095340786,-28.56614164471236
1994Q4,1.1691675283888037,-0.5177001388246172,0.7043169846166819,3.9623143904415015,4.743533995442917,0.3886513797124014,0.33002348946298277,-3.6183959271039234,0.794074299944092,3.138167321633767,-4.493071584115638,10.110156500659517,2.8706879601511748,-2.6721803564306645,-0.7884820631221201,1.1455701559946796,30.29136053161836,45.613519711360695
1995Q1,-0.03828980636749746,-0.11532013450785694,-2.4845471255361073,2.763654792460235,0.019594753919771613,0.9678668215253428,0.15647999001386914,-1.3651843935279517,2.718918987054564,4.063329619389533,-0.7173233591228012,2.5339679045121466,3.867309448467715,4.98425570461114,13.064501964916886,0.3547805075420518,-22.745942336643708,106.98707996374507
1995Q2,0.7668808762543833,-0.29429266273414134,-0.2359357502500381,-2.160638673019455,0.8009031743923423,0.7668711656441785,0.2389651849079799,-1.3840796326671234,0.9179040373051617,0.1083896210328783,3.298584232165269,-2.2513656600953613,-0.1911752678498413,3.3568214968054955,-0.6922363700794687,0.298322846097121,41.89100549937053,-23.902843459602995
1995Q3,1.0887099941095713,-0.8079635167658084,-0.2416348913928279,0.10352079087716515,-0.44470504526109567,0.19025875190257224,0.310733350219361,-0.7017578947368541,3.3512488144167074,7.05354195550274,-6.472268249831381,2.533649187035647,9.37323950875253,8.584603764584276,-2.8605925513142005,0.8507255022384363,-38.92308132304391,-34.66673171067593
1995Q4,0.0360496988607073,-0.9149322302699381,0.4810046124906542,3.774330653239133,1.0690816684423954,0.11393847322447304,0.32066754052266777,-1.4134240782128549,2.3331058662964477,1.1655586664528927,5.781489263202877,-3.9654285204204998,3.905225697696202,1.4973457807065937,0.2697248906758709,0.6790820510536255,-5.96821817643558,-32.67960320415848
1996Q1,1.365666958688272,0.07293320176755547,2.2028841797526066,0.2806966285100021,2.164326426651564,0.3793626707131903,0.17207282800535406,2.1505376344086002,0.1747588442921666,-3.885542903123551,11.702772307226184,-1.2050696031581043,-7.775574583145561,0.9125667291876693,-5.539579537983608,0.7490501226268043,38.981438605963014,-28.434760248408743
1996Q2,0.18955530356430383,-0.008903897268808247,0.025510204081635734,3.880772512538755,-0.15605773174733883,0.7180650037792891,0.22875106840773984,-0.7017578947368541,2.830286127466186,2.743705207078073,3.0800991538768807,-2.2270186507277745,0.4495567956373625,11.443328448368305,0.1604513890733683,1.6679441018912833,-15.785660577477756,83.14437887744471
1996Q3,0.42091288540984095,-1.526659652849005,4.083936433077873,2.084762825360742,3.862287652811336,0.18761726078799779,0.32527036038259016,2.4735053877563917,-1.1886824041520194,-2.1580779772339964,0.9297498008200789,-6.065683266729316,3.5336582897950164,-7.017656397838234,1.4173487303801746,0.8970337411311258,-18.928987387780804,-21.62929710454753
1996Q4,1.831338366569235,-0.2243939688259866,4.771660058887561,-2.6714027440138732,2.151657391126993,0.7490636704119868,0.3309263038860477,1.7241309750299694,2.616062351745163,-2.7444794952681373,15.85423259923382,-0.43145525760771575,-0.16445050039937126,-10.234387126817401,27.117101567526003,1.0383695301930063,4.699224219309062,143.12194106264525
1997Q1,1.734837187945426,0.8129917559547728,1.8583127578327474,5.66260292720302,6.091828153454304,0.4832713754646889,0.1458519575365802,-4.067796748060914,-1.9846773660920691,-1.2338631203373418,-2.599781215814978,4.860985027294618,-3.955195783132548,-2.9396507003285666,8.27439217574133,0.6454431985977394,3.4259866420715657,-14.469100339204132
1997Q2,0.8618154873917927,-0.7435055638056243,2.707066905053157,1.2709074775539841,2.2191997992655033,0.14798372179058994,0.22343720337665296,-1.4134240782128549,-5.264872028121248,1.0193894172665585,-17.770318837603327,-0.6937310262832619,1.0780297536211902,2.7238355405111214,0.4563954261654013,1.665217830555843,8.50638264426542,0.8649422434391596
1997Q3,1.304562031560197,0.2049640893522664,3.0208856329273948,2.878065555545084,4.206474288344331,0.3324713705208815,0.29490899661586134,-4.659494623655947,-2.1907415090984372,-3.488946684005201,0.63296572931546,-0.8113260182257886,-5.256064690026941,-1.9887075328078874,-15.947796481936827,1.2485689750959317,-8.316078713044817,-2.394997202910387
1997Q4,0.6837370720168545,-0.020421007525639467,0.9697271530717533,1.8045904641978083,1.462892324165166,0.03681885125181861,0.297071338450805,-1.1278307846679825,0.46541505569224206,-3.8535645472061786,10.317361832818882,-6.212060843274669,-3.3617487233541743,-4.773795245866164,33.04799452725571,0.8538602727445443,26.199925355112953,-16.048091002431597
1998Q1,0.061021270271344186,2.6897616281211123,-0.2082188305923105,3.2557679289879626,1.2618720979316267,0.5888847994111046,0.1124061878746252,-1.9011332244208146,-9.672943986681304,-5.420631472735671,-18.668316448843882,-5.3253033123836335,-5.680277871907824,-5.182416947122837,-3.6289586025397336,1.0037531320823412,-25.69076071244818,-27.9042646357741
1998Q2,1.211397591772445,-1.0245073104563684,0.22277533583998643,1.1251617174942385,0.5419164562832313,2.220446049250313e-14,0.17208315325445422,-3.1007790697674453,-1.7028835494771188,-0.5556461052912298,-4.396345311054805,-2.733235670639178,-0.8353168365743069,2.523789822093492,-4.068881759531607,0.9256878799962953,4.536765018778288,-34.30687207995452
1998Q3,0.5672637988330065,0.3801780313762215,0.1983260296749334,2.028860650441522,-2.246937701961371,0.1097694840834107,0.2493103432226862,-1.5999960639998423,-4.774586265931157,-4.748636648091297,-4.853482337411064,-4.008141112618713,-0.30456048186224827,-12.3083131557708,-5.836766653738367,1.258940271371034,12.37579858326563,-1.85522404804489
1998Q4,0.29957133937152935,-0.26879250137842314,1.116935441342437,3.9217259140420513,4.043135258938801,0.43859649122803823,0.2535750665400016,-2.032512195121927,-2.414245762228162,-3.3381826145447047,-0.14729219921506553,-2.0467588273542003,-2.7448753619896626,-5.6724877079952325,-2.3609869827083907,1.609196570958149,-1.4079056221658948,31.558326163182638
1999Q1,1.4672225175568654,1.1132793860673784,1.1091177125055696,3.6526656618552256,1.9177851835998405,0.29112081513831267,0.09419932541534504,-1.6597591983602222,1.0922330097087096,3.2981081999579276,-3.2518700393993183,-1.4863343819446317,4.771246409304286,5.417897034279107,5.441470267516757,0.9394337487217186,8.068582939301017,64.40937970988381
1999Q2,1.0183260077098355,0.6408253596302815,2.5529046855979676,0.14109900446812595,1.875948411418693,0.7619738751814209,0.18036612350176284,0.0,9.6689278120887,3.4842004668577786,22.14910339264813,3.430597058651208,3.5754090321430176,4.101814638899048,-3.4927740265034313,0.8347428958686454,-8.743226028235163,-0.06235963844760661
1999Q3,1.2392622295255507,1.5855563352725754,0.8050833249505507,3.478473581213315,2.413408095407532,0.6481814908174455,0.28563703888042635,-5.063291139240511,7.539829077864524,1.7651956702747773,19.51714474383546,6.222914601331242,2.8364825894202195,-3.8817005545286665,2.101739195050323,1.3258832295057754,-4.031264546162605,-8.73433396339819
1999Q4,0.963366200486937,0.13179173086472762,2.445190283104526,2.7491844357240725,5.1628129867018036,0.6440071556350624,0.29873736262340245,-7.111106666666666,3.677904367128204,0.3109147439044335,10.026682118937579,6.384992800384004,-3.815084547128733,2.2906523855891203,0.40832429989234864,1.6406670865683814,30.56239495457738,-21.14997456248785
2000Q1,1.0658014207124866,1.1340153745398096,0.8977797403744381,3.32939452837413,2.131251751549912,0.6398862424457974,0.11073685759848129,-1.4354066298848611,7.957180033120426,4.561767759157664,11.019320861018379,4.5806023084731695,3.830421444267973,6.1778634492277495,2.36635601011701,0.36279340872638066,-21.137071313724565,53.793524630698016
2000Q2,0.8651053901297612,1.1021240879813154,0.6828706310921806,1.4836097548810878,0.5757934728533698,0.4592016955139444,0.22327945291784612,-2.9126212178339106,5.3809153363208795,-2.7728136612486964,16.407504040509924,-4.378774805867125,-5.572959777039699,3.9334782706143656,2.610905730129409,1.8212878131352639,15.282108948218088,-5.003979258295033
2000Q3,1.2819438077149803,0.46763406390790685,1.2017809370695076,0.8272339529250772,0.9795223054264168,0.9142053445851062,0.2997316796773841,3.499994825000252,4.086173553203443,-4.9568934078277564,15.686097974733926,1.0652430007268565,-8.463894190226807,-4.017510566721305,-5.35043691118684,0.10193258635609048,-15.527215480409684,-6.633649115904139
2000Q4,0.23485684208075508,0.6102939128443285,0.45068518676432134,0.17895596255850243,-0.8749077425930452,1.0801393728222974,0.32014555299808567,0.0,5.740799936069063,-3.2216475066382144,17.439388540041058,-3.608451961708248,-3.716543832428254,-1.7165067739108864,-5.0431679521123485,0.5970387927816567,-13.094713298948324,-22.135804228669354
2001Q1,0.77414060715848,1.2808563650625215,2.7218477249289386,-1.6761921973479144,-2.6660609619624798,0.24129610479144414,0.13147102636439367,1.4492753623188248,-5.848566435217995,-1.0483077996637724,-10.278571254181001,-0.8323256232793952,-2.0130932896890275,-0.19659389644532954,13.515337398521844,-0.3277988076401672,-12.7610091009,15.233654016889453
2001Q2,0.1839823930002149,1.2564576822501339,1.3268526198835007,-1.2940396765784512,-0.7028144451476925,1.3067400275103225,0.28079990161054,1.4285714285714235,-4.352624819393158,10.84416521084095,-19.076903939077074,-2.612632480184729,17.277177474271177,15.588996541377487,-1.7781305955936744,0.624502930243831,28.662946336800687,-27.591444510609563
2001Q3,0.28115375276360766,0.2870460353453508,1.2270123969937874,-2.121027102808759,-2.295097753738995,0.03394433129666474,0.355404271023807,0.9389718309859241,-13.886033191364366,-4.079006347691538,-23.758580768510186,-6.154010096839069,-6.465961129735542,1.815119389676001,-5.35412695076073,-0.40063919531907466,-6.0190012793105545,-37.17164641196482
2001Q4,1.2416368247333276,0.13548554970346238,-2.698815314374381,0.3572624150061099,-2.385383104494565,-0.5089921954530063,0.3482109052119986,6.511618301785194,-13.150361193338945,-9.367180198378023,-17.150670085879383,-2.590379401870757,-13.8013024737631,-8.07886183608727,-10.280495510157184,0.2747754478590769,6.085747914345396,56.604729072680946
2002Q1,1.5234764920389665,0.6953280407161255,0.25240288775891795,1.6961047009715458,0.611579625551717,0.7162346521146112,0.12857195311888336,3.9301311759882607,6.428310937806825,5.415474685649646,7.528271896935923,5.417613801946719,6.663677251912548,1.7001905568494902,22.826059121289966,0.8363586564324121,27.68635805342199,33.94842915343275
2002Q2,1.29231677197299,0.4090361695942901,1.3490817984086245,-0.15952250790891576,4.806028921235983,1.083643752116492,0.2688128575359272,-2.9411723924862354,10.58159916707304,-0.9261596718207366,25.49897446778415,2.2447681972742384,-1.481585283514042,-1.9361688838923419,-10.847907595759242,0.6127065840058066,-0.00042308938702495524,-23.546207485662872
2002Q3,0.2144538465210566,0.9872589826683154,1.56414598293384,2.2647098424666723,1.87470077286096,1.1055276381909618,0.3408251490224057,-2.1645064935065017,-1.0094629704669456,-3.181883330944546,1.78705274369797,-1.9954035419764815,-7.388729407505101,3.7046472623824434,-7.9345652690782975,0.4065114300350947,-12.47603143167093,-21.102680617646385
2002Q4,0.9867950961939043,0.7579236810928647,0.2707433703537543,-1.4007092198581539,-0.23229115615202023,0.8614976805831454,0.2917102570126229,0.442486745242765,4.483559879122057,-2.3324286536722028,12.983489651964963,2.110519491268237,-6.151912873499022,-0.9703570258761895,5.683222976748903,0.12360505255195608,-13.308754990380134,-17.916050407304553
2003Q1,0.4377169535190406,1.0965434349651249,0.9025110257504521,-1.601855923768969,0.8676244630620333,1.2812089356110556,0.0913748215976451,-1.3215858448640594,17.48153440189899,4.484901561210597,31.714070095656275,5.336107208472929,6.532865176897662,-0.20672261958903926,11.961799157145837,0.5266419858050542,-10.098907332876328,12.549427731713658
2003Q2,0.8387433180517156,0.3558064803301342,0.9969539151149842,-2.00302534632254,0.19213534867896787,-0.5189750243269509,0.22214199342649454,2.6785713089923613,-3.908625458540116,5.784977433913574,-12.10762665515791,-0.7771821376356125,11.168214510159903,4.263164436342559,7.825380696130058,0.885621672871495,-3.0138913811015744,-14.051313799803333
2003Q3,0.8685485816373628,0.258111039254616,3.141950551288275,1.2236103058748782,0.15536669870179765,0.5216824258232888,0.29514718277501295,1.7391260113423401,-0.349090018271081,5.291867924240834,-4.8650090163309905,4.921931547926772,12.36401095449866,-2.3921163474529217,-12.231590893253564,1.663199956971062,19.414641934946086,-23.22168392202122
2003Q4,0.1124730212739733,0.7863250790606235,2.274739590676589,3.199439642042168,4.723798717775418,0.42166720726566354,0.29605788247633047,-4.700858974358968,2.788163110614894,1.9898121617319076,3.5422367572137237,8.6872967379521,-1.029694557488503,1.8014167073766574,-11.648859348652929,1.160721398176312,38.18406928769586,41.32171888967897
2004Q1,1.2677433813033767,0.6459578782223474,2.3388410839782603,-0.09809796009269123,0.8904632821443936,0.4844961240310086,0.12472215824854693,-1.7937175692250062,11.291592342723877,10.23596350582463,12.160838139111174,9.509452781429939,13.208996531974758,6.858216863615474,14.424850333993788,0.5666514539569345,-27.159459225996628,-23.81028035024354
2004Q2,0.4387393920709304,-0.17979741136747718,1.5781930255614363,4.704479428739261,2.6960532414932903,0.7714561234329675,0.2170871139580255,-1.8264794520547856,8.020236389684833,7.039425416071343,8.819754410835024,-2.6475397958972358,13.275325297357687,10.442901783208258,-3.215829705754758,0.7749523237421174,-11.863751151895595,11.20391298565675
2004Q3,0.9524761822819805,0.8219618278221041,1.4539494273847486,-0.32899850624201754,2.8724023487362693,0.25518341307815273,0.2955059654503378,-2.325585938344843,1.6031565771695178,0.7491582491582438,2.3216266173752276,4.177120986604277,0.5144467935165542,-3.4850230414746663,8.41934025510338,0.9485938887930923,11.342591161391669,-25.682866887480504
2004Q4,0.833961021161711,0.5412704758762876,1.7099580679905024,-0.9680443638965253,1.1284741179577118,0.7636016544702473,0.31122014043918345,1.9047571428571386,4.534514689445279,-4.136877409498352,12.443439692518377,7.638612497321118,-13.61301970132509,-1.9976477609844334,4.034413691346006,1.0202081286209586,-1.2397930510798183,-2.9157920366991386
2005Q1,1.4229469324631427,-0.5355757439247211,2.714199426830999,0.9920583970596031,3.3450928887082787,0.3789074834227968,0.11487534243099784,-2.80373844877283,5.0558421590740865,5.412303746404867,3.5730242179801808,4.3811745074615605,11.164541295107067,-1.8108868150960689,8.254026981288497,1.1093633541958248,-21.99780287059977,5.205647755116183
2005Q2,0.8745840207665889,0.35366116185380214,2.411260556771966,-0.36427803788220414,-0.7353555770005293,0.4403900597672372,0.20438964151874295,-1.4423077616494084,4.0911691071043865,-1.1728715865066408,7.681307577306473,-0.3605976656523846,-4.5283638753011335,3.2270422124119458,-1.2829113924050617,0.4926244548107306,46.55246498818029,-13.066829414591474
2005Q3,0.6885995907253362,0.5655352247654344,2.702431944407113,1.4398121762208893,1.7573740625137502,0.9708737864077444,0.3178630720569897,-1.951214729327555,15.028476811739022,-2.5516606709612644,28.484919990341794,0.6554358329231125,-5.879710172634633,-1.4561648435152619,-3.5339449776564003,0.7838140345072908,-22.96121085004129,5.088504630479074
2005Q4,0.9636334001922542,1.114182978652667,2.132417842553669,2.3369470421703786,2.323009681714572,0.496277915632759,0.34295791063858605,-2.4875671641791053,5.94027461516029,2.846595368916782,7.848019629658887,6.9083565030747085,0.7231142662725842,-0.01793303803598878,11.084267683984606,0.5555165396517348,18.550288872014285,74.36779714264439
2006Q1,1.400959817261338,0.40026958608672114,1.8407394638514374,-1.334519864564998,0.9085127813026173,0.6172839506172867,0.12857416664402432,1.0204133173680185,-6.96535769715072,7.299331003971066,-15.461337251322217,14.921428268880499,4.35391983866904,0.07174501820530477,6.337558372248142,1.3453837684874737,-23.528276642368915,-15.322943045414917
2006Q2,0.8872070846604796,1.066950459116156,0.8874941100584177,-0.3772180872003261,2.6416207817944404,0.4294478527607337,0.2323266288539294,-4.040409090909081,3.134993578928813,7.889706372668859,-0.03794461959347739,19.919798907555,-2.147971360381873,5.366264585163005,-13.317597942958736,0.25875276349554,11.342471681045563,-3.5728558139194067
2006Q3,1.0561017842516618,0.3245359433007078,-0.01972493912475448,-0.05051953421989497,-0.1506596015772188,0.06108735491754391,0.31112247607196775,2.6315843490307467,-1.2439572244738462,1.3329624936905926,-2.797954899057109,7.5275691225827,-5.061716204206568,1.4118767754775607,-11.638533962086562,0.1499559256315619,-2.2236118876168054,-14.294458349137528
2006Q4,1.0067167564110857,0.6270571106392397,0.5544481710013427,0.7593437481754561,-0.032345607484274286,0.27472527472527375,0.33663489083743947,-2.051276923076928,-3.4018566819535967,-0.010165597584643749,-5.809538732267061,5.447955730357634,-6.452820768846735,0.01006424342049339,3.055512704674168,0.8594498006118778,-2.557447678993985,42.7194597704476
2007Q1,0.779404619426316,0.4006343823464098,1.4435393663852158,1.0065941852629878,2.1719458622449173,1.0654490106544845,0.11324372669869742,-0.5235706532161766,1.5624800051186938,3.738270249387443,0.2183065248825944,4.70947315920156,2.6539915499221634,2.43027019774249,7.412119851308541,0.30083566670564554,0.1264040423854862,51.951745481017376
2007Q2,1.4960371087329616,0.4677614842636624,0.7407325070860837,1.5277898432544346,1.5907208530244965,0.6927710843373402,0.20819217694267866,-2.1052580055399006,7.728750346495983,5.358787902546092,9.455601295238857,7.549768308783533,0.12130795975175968,7.970919570343216,5.215377366629315,0.6117619579946387,23.004792978980504,-15.285000030550599
2007Q3,0.930083353811062,1.394895018307829,0.4133225350154479,-1.8443119186074663,2.4271645114327223,0.029913251570423682,0.31392092055002596,-3.2258064516129115,-1.4812865497075944,-4.91693486875151,1.156749063845175,-14.00299431465336,1.2429818583065577,4.795268425841681,-6.7682972979791645,0.5760257959612325,-29.528563594861414,-25.093692627465757
2007Q4,1.8481185191825622,0.03399386018587691,1.1966243983913216,-2.3273255986078767,2.0944080559043954,0.6877990430622205,0.34367840856635024,1.6666666666666607,9.41193230721742,-0.5908824104871591,17.429821506412992,-1.0563202884028788,-5.1940419711928865,5.944835171196194,-4.284013340820081,0.6282367318126258,12.821255342970828,-25.33907060026619
2008Q1,0.847378796926157,0.8953031221899277,2.2880720994625126,-1.4534120071938106,0.13004753122614066,0.32670032670032434,0.14648845561036072,0.5464426229508268,11.95835571252639,8.754526846165977,14.71567965055074,7.034149542862322,-3.5242936197549812,22.1472476437645,23.023723446737996,-0.42676432089947536,4.880401125110256,23.875138600320245
2008Q2,0.20500644178442773,2.182513465828273,-0.6216415327879865,0.9152223207618437,0.7228383550888173,1.3321492007104752,0.23337787760955298,0.5434891599722436,20.059118552080047,7.1458303170696125,28.405767821555038,14.395433041731632,8.081775700934601,-1.6047146179996363,-13.369853412195255,0.5954282618129358,16.57715807955484,-0.363438363907731
2008Q3,0.09392989207466229,-0.036257514560056325,-0.8607447824424352,-0.8032930953030037,-2.6822182054992316,1.1685655857434973,0.361948181012961,1.0810702118340343,-7.303035195350349,-4.0469896713932085,-9.108679332832892,-6.29103729339845,7.814695518709858,-8.722681244246456,-11.505225880043513,-0.5252580505168858,-3.561672827791773,-6.361613979345238
2008Q4,-1.1702036138466543,1.4495584109897486,-4.1247354833704675,-4.574915717151029,-6.150760209130524,-0.9818076812012744,0.3780156811540092,7.486636763991283,-38.727108061271586,-23.331015605059125,-46.12331001783869,-26.368809293702288,-16.663993263022824,-24.35938939661827,-15.354523960296607,-2.189026595298116,3.830703126434054,169.4805734192418
2009Q1,-0.33498658752925126,0.009750658169416226,-10.075228190679974,-8.609827127278969,-9.668465552957494,-0.3207932341790509,0.16413279030718098,19.402985074626855,-15.29458581752805,-3.4864365335384173,-22.150912982154235,-3.7809639248093108,-12.639847941678884,1.8814814814815062,28.176059424261048,-1.1348742974823023,-8.969767464454502,-4.2527429971706665
2009Q2,0.7627786506307022,0.7844764657060299,-0.47514665560240976,-4.035482968057891,-1.5724068967010507,0.2340550029256816,0.25293652693507696,7.916662500000005,14.17449664429531,5.081358835284044,20.923587040541157,9.985314690181713,-1.980198019801982,5.457806213949867,-12.202686227987469,-0.1786509506351064,-21.75722086923705,-10.227685846041389
2009Q3,0.9565673966043464,0.5300756542229834,3.134213658943308,2.686242035098596,6.350107895036827,0.23350846468184194,0.3514052524886013,0.38610812301576036,3.903127204326351,0.4584352078239595,6.178538682031309,7.7467284278735615,3.735547407313744,-8.257878690383203,-9.047353059185436,0.3511923951750484,38.955853769325266,36.20013609491748
2009Q4,0.6239057963434158,0.8206530187250038,4.713075832915314,2.3919149223551317,3.883033237741529,0.6406523005241915,0.38213421447337304,-0.7692345857986949,11.130204797465492,4.013566350043374,16.303358849328497,5.799025077817577,8.809588299024917,-0.7064010287069156,2.6753972441592166,1.0809136508185713,-3.9477979388096496,-18.348017023726328
2010Q1,1.1145372375482632,0.8959577889102954,3.5279672388092598,1.3926609348811292,4.41110451392408,0.4918981481481399,0.14939905205137993,-2.713174418604647,7.298898483585425,5.895288752153038,8.203533065691015,1.4455102584598922,13.152031862592573,5.88482626391742,32.27494060757188,0.48450095056860043,-17.71589887381506,-24.19899019360757
2010Q2,0.8597644959165152,-0.11375929600216939,2.128969074017495,3.278569337647097,2.8169600133150174,0.0,0.24089728018112933,-2.788852478531745,-1.779773095239523,3.1620512925434774,-5.062537611318662,0.6976820539759565,7.6689545934530035,3.9789062375907402,-1.9555705578518823,0.9675861183124024,3.3192536077754298,-24.75585515882087
2010Q3,0.8055054412007934,0.35405106785979523,1.134669100666419,-0.01834002404580426,1.8830095777687905,0.7198387561186292,0.3406297718995255,0.8196762631014431,-2.5867065983962823,0.30046408313830764,-4.494100210910357,0.028257337398063243,-6.056148093661884,7.123216522562692,-16.48180327070172,0.7710849360473171,21.133462121674086,9.566657855348314
2010Q4,0.9573372002060543,0.6927791745208189,1.7626117534996766,2.424291834042358,0.3944012565230137,1.0005717552887372,0.37237359561879124,-3.252036585365825,8.777551880594036,8.651764263893135,8.77561982977808,9.752546516365591,8.37248249162641,7.924420677361854,-0.6498405537839202,0.5251102608268665,4.152519492700746,-16.44453757949669
2011Q1,0.21894533926132276,0.08050446259064703,1.0623293028503955,0.17674045022684215,2.210224369013658,0.7076139258420655,0.09991055160838425,-1.6806681378431998,10.765671565247636,10.673533640284628,10.906604802654819,6.747117959480664,5.378556018263003,19.48944266800561,20.102634761947623,-0.23720489710901127,-9.151982016111537,5.654160872195391
2011Q2,0.45871473129595053,0.3786669099867801,0.8631754792188806,-1.469215280850178,0.9508110523115398,0.9555930297920012,0.18708896483887738,-0.8547051282051243,6.643996995668422,0.866576775084682,10.890808919567174,1.5589498186943995,-6.922820549445319,5.202804317055909,-8.964393383850734,0.6765822931436682,-3.3459511987357082,-19.919253360077093
2011Q3,0.4308091421642013,0.43584554514182194,0.4010591483625259,5.527015609507568,0.7895930927380501,0.33407572383072903,0.31745322271286014,-3.879310512039247,-5.420620257499964,1.1142628910516539,-9.816917670951508,5.718199251209954,0.12788377922143823,-4.795190094285074,-0.6164972075039188,-0.022312735917140447,0.4233479297198306,-14.944725872978704
2011Q4,0.5984895708239124,0.2191206592673689,0.9795364376696591,1.2808578187034847,0.9834599910594655,0.638179800221983,0.3450631567908813,1.3452915401475973,-2.033009629508742,-6.221734959572423,1.0588910436537757,-7.176605742321129,-5.933381015632966,-4.928512282638719,-6.599831410889145,1.1230490567579965,25.98886747444631,26.099050211374063
2012Q1,0.5606490337048964,0.1323732116545573,2.7732112466940073,-0.17610917053780817,1.7981658864934191,0.46870692031981687,0.16924802873596878,0.442486745242765,0.517498099730318,5.786935554581318,-3.315116185717004,6.455680300753275,3.7191922922346743,5.6880073393643205,15.037970973129134,0.838590819971663,-22.500322437749677,-22.402104331922533
2012Q2,0.13820295510436065,-0.27222864357984156,1.0470782813751356,0.08468840507511732,0.02698564209637766,0.054884742041738654,0.22065108758735352,-1.3215858448640594,-4.588961630894184,-1.03524211176389,-7.104246791463876,-5.714110890639057,4.3712756710337475,2.552494808205763,-3.9270184096799277,0.4463347461653111,-11.6791851632142,69.62285755138033
2012Q3,0.6109070244159742,0.619957638211277,-0.14177449094594508,-0.6692103180937381,1.0775928518132583,0.054854635216683434,0.35037675554068226,-1.3392856544961917,0.7181942544459696,-2.3154800515646,2.974167344331491,-4.6530816583846395,-0.3020238608884118,0.0278575408220183,-4.605065711872824,0.14402799732293747,2.504675573457793,-13.510106534073941
2012Q4,0.5395274458455335,-0.06740855497344711,0.7236377703422114,-0.2507222736760628,-0.3462170826863953,0.41118421052630527,0.3502336778065107,0.0,-2.434042094483513,2.9427834141667386,-6.30074630815648,5.5690602362778785,5.522342995169094,-1.4492598384712618,-0.8611417993985571,0.11564055376036553,11.226546405749737,-27.118273142615813
2013Q1,0.669604584903527,-1.046365766490731,0.5509549159313565,1.5803505076419144,1.178013676406664,0.40950040950040734,0.13440802724320466,-2.714932003849213,2.0633193200713773,-2.1588960561770176,5.156304723599958,-9.098989154712289,8.864345188703538,0.2315091571110317,16.568021136219357,0.9865606638638447,2.5615368304117814,13.382084151583085
2013Q2,0.9170056440872987,-0.44535972005960156,0.02264198493422409,1.8339017735334195,1.0567476194437875,-0.16313213703100793,0.2143611076884433,0.0,1.243816101410511,-4.561614340794162,5.523168989116511,-7.242624894243265,-6.670696769784756,-0.5205057580949801,3.3218952593192963,0.26763633481292626,-13.826378891558255,-18.322857749673094
2013Q3,0.6988756943870911,0.5009285798374341,0.10767271431693093,-0.7033361578420272,-0.4556401939314836,0.43572984749455923,0.35594170331427755,0.9302232125477428,2.349614011077139,-3.8728576425323458,6.961874527835077,-3.567078665800083,0.026284416157418278,-6.527284222459606,0.7935097641529998,0.851393569084391,-1.893306627748692,0.551262895450777
2013Q4,0.5956939227987013,0.6148520721375395,0.3586541032860824,1.3899897799829253,0.18630822507959,0.27114967462038564,0.36659453643728135,0.4608387309142259,-6.69166923482738,-1.9594109032029183,-9.828890606497886,-1.1622111463525209,6.676364318896355,-7.652478134110785,4.28708645908058,0.8717417534272576,14.801308544766446,55.18377677229003
2014Q1,0.28332176827523536,0.28820292527156344,0.22982335146319866,-0.3298425139222516,-0.5943572086824167,0.7842076798269426,0.10629488318198987,-0.4587247495997815,5.634922412055787,0.4843333920966364,9.259177154390708,-1.952346024251017,0.651013029058034,3.1721978077486446,16.81997831485431,-0.34509598528477126,-4.868487275902211,6.986683425252527
2014Q2,0.9121629981017954,-0.3738477174677901,0.8673384613880897,6.044261389522587,3.3762339462423796,0.7512744834987872,0.20857648034557918,-0.46082490602880055,3.2622865682398583,3.343521177480868,3.1777470749074777,2.9380307537653083,-3.6719139228557074,9.31578947368421,-1.9825349301397344,1.2918421292132942,-10.48814555681339,-26.18655575870148
2014Q3,0.7445368231344007,0.04565786563746066,1.3724753004833223,1.4934745078537315,0.4095421569901836,0.2929427430093279,0.32141637698630543,-2.314819444444449,-4.333412023114269,-0.2126518942101585,-6.784904953647352,0.5592523619186052,2.0198170731707155,-2.51480780642922,-2.623111893986052,1.2153914093167906,-9.50528782683342,6.372370854769427
2014Q4,0.7503346603848993,-0.3025830082883485,1.3263644080109493,0.5375852236165324,0.7978518366593024,0.13276686139138683,0.3421537906488137,-3.7914598953298517,-16.16026693274112,-3.7033720742823295,-22.66646843016783,-5.449063592169978,-1.0752975078712756,-2.8358123241256417,-7.035961406251213,0.5057331362120498,19.926962421264925,3.5762568266732853
2015Q1,0.16936254801338535,1.362537490642235,-4.2151080521185875,-1.0206851453142263,-0.45240967680487687,-0.10607265977194968,0.044263436918901,1.4778324395156472,-23.312581179737524,-4.818403287895423,-33.743823167214856,-3.5458790651013317,-5.944706675657441,-6.6516147335571425,8.812736725781889,0.9004849775657187,-2.764011065255334,-22.151950637848916
2015Q2,0.5374607563209732,0.10490341124254066,-2.7556674368353407,1.3492372656870755,0.2423817193155875,0.5840191133527961,0.10033723216944512,0.9708640305405858,8.736462696280478,-1.0404048298229718,20.458074534161508,-0.13001163913720637,-7.248621108275266,1.2789828920209079,5.877655863184628,0.6194050867588619,50.40255283256323,121.86429428167172
2015Q3,0.754847912409895,0.5801235435233698,-1.2742788505360592,2.010057977119706,-1.189310665473109,0.607020321984697,0.27456604135611684,1.9230866309176253,-14.405524649913703,-6.634813769138892,-22.044160587505747,-8.330337106512765,-3.9173451509842416,-5.187611748083865,-18.861463588459415,0.4002450612528241,-16.615225105509356,40.14224719178428
2015Q4,0.7622871505510664,-0.27729239279740137,-0.8003693065244177,-0.8034628328734028,0.03966227064304828,0.1836306400839538,0.33355181187535443,0.9433867479534674,-8.45980762162597,-5.688426483960329,-11.373487334953525,-3.840379777651548,-1.1123148376578018,-10.445733878412245,-4.454638430995073,0.18447912646364362,27.039637397139394,16.67638432024754
2016Q1,0.13273914353295613,0.8196663707215723,-1.973116800655228,2.271138851242527,0.2552886444099789,0.15710919088767206,0.13369123156861118,1.4018692243864095,-10.59502125075895,-0.5437341644431548,-20.962961915935185,0.2384016540433409,2.5295036445678543,-4.9212917286368345,24.607799616536163,0.5795194060450148,5.849725732203792,-24.403286443322514
2016Q2,0.4769914815726306,1.0651052558204421,-0.7251682107524027,-4.0967435227002635,0.2848449914998774,0.6013071895424993,0.2757705814457001,-1.382488542971816,19.952899939755753,5.4524139641315195,39.7415185783522,5.4659875399898805,8.580889509542544,4.810506915297275,-9.037047143329978,0.3211240684381167,46.01107874088037,-12.749092525602734
2016Q3,0.6809733414746999,-0.01977175122538366,0.2896782722168201,2.8888813156035864,1.1240663701168607,0.28586278586277825,0.3903097343324502,-2.336439361515863,-0.6145501365159678,-1.343666488508799,0.08318580295629818,2.223153525314814,4.8336337506698746,-9.11589555657355,-0.32831053399068333,0.7093902550786346,-25.11072934241536,-32.15868421664513
2016Q4,0.7055248199949515,0.21155358514342026,-1.6429850493234532,1.0075384714985036,-1.8547776712971364,0.3627882871210186,0.4060225412323204,-1.4354066298848611,3.5621749756518994,-1.7628639225076737,10.32564681812369,-2.5489851564076016,-0.4015019145693355,-1.9575962539021607,1.2654559236211727,0.5542991127484687,99.66213006360485,-11.928866274358974
2017Q1,1.054636961348443,0.9922028095585622,2.871381417355412,0.6989275360158587,3.3118204529727135,0.6196746707978429,0.15347754601739982,-1.941757187293336,6.617575300536749,5.829086978580711,8.400718604516388,3.991265559057644,6.782128326676884,6.756218905472644,12.940855954032093,0.48689021004175714,41.89548469305202,-24.316524100153924
2017Q2,1.2797140801292795,0.14177887040411896,0.7734695544538983,1.3628410803257607,1.8359182642433636,0.05132152938156498,0.23152271242958822,-2.970297176747383,-0.1323081531778847,2.824358266198357,-2.8876002836990433,0.44371953842892164,6.127656599552567,4.739491098890847,-6.748633680060623,0.5598725623111145,-44.25588831782825,1.9920610203076894
2017Q3,0.9593173158836565,0.7473692330730142,0.7473729715349764,-3.5424464171757153,0.408724661997395,0.33341882533983735,0.4064440116326784,-4.591836968971275,1.1698537682789611,3.8039346854380485,-1.4349835031947755,4.400971742743898,1.9317545535391112,5.161290322580636,-4.922761763414785,0.7885241305547019,-18.688354213025438,-28.555104909931107
2017Q4,0.5772942663655467,0.8530762994324759,3.1523595765222234,1.802208250129067,2.4558277159483666,0.8179959100204526,0.48433338828830497,-1.0695080785833144,5.033808547261942,2.1002987872751566,7.989067904843106,2.439009454759211,10.314241861216566,-3.1069741203018197,-0.03847506815585211,1.1270466267692791,-19.515824366042857,-21.616095655074464
2018Q1,0.6706921995615733,0.9546075725501701,0.4401744698807386,1.6766132234428355,1.2582867577137558,0.8113590263691739,0.21650192697444393,-4.324329495982193,4.205252056362774,4.3293645101133205,4.09002044665423,2.8232917082618547,9.01961071486108,2.384210066664738,13.821165033596161,0.8134098018182323,182.12726533103057,-5.635105033665377
2018Q2,0.5858121036734776,1.0137070534811832,0.13619258108834575,3.0843892286247954,1.7163535179895995,0.3018108651911433,0.2774120099575006,0.0,9.367616295694315,3.572214277857233,14.863938254633414,1.943491657461771,11.396809403862317,0.874324708558416,0.6326025835499127,0.5308251410129694,42.03716677565528,216.8018175436099
2018Q3,0.5510360814652948,0.345094879194896,-1.5052275339322407,-0.4584350777324886,-2.4867658760168054,0.6519558676027826,0.4578108232105249,0.0,-5.755351134901588,-7.6449919903707535,-4.030776595713991,-6.486344687573064,-10.45995586160322,-6.409696286378697,-15.413215304963945,0.6236974253114314,12.113226092870487,69.21772878630188
2018Q4,0.013993569212278345,0.6926168872828153,-1.3150457056106513,-0.29063883527805645,-1.206441005776615,0.2740408570005126,0.5040512378137851,-4.519779661016954,-13.816817299128326,-4.624775996396768,-21.1596249774626,-1.4587233731148563,-15.225428465604896,-1.251374102127767,2.1299175955142857,0.1416442191157108,-25.33034422049588,178.86968627109692
2019Q1,0.540826583748788,-0.4427482901204094,1.8221058445676341,-0.05275053286615261,2.6632372776767443,0.42236024844719555,0.20792289533793085,2.366875879696795,9.489038728695798,2.7761868877166584,15.1376898595468,2.6629617481604306,4.81546796307768,1.0689886543857385,11.0854259628689,0.6243180824466066,-21.82202336922847,0.0
2019Q2,0.24411917680524642,-0.07009249161393782,-0.23405935263000055,4.017020667953952,-0.4969414893617019,0.816427511133111,0.2685998290808733,-2.8901790236890768,2.787534621752541,-0.8231659627717658,6.115909309092604,1.538368798601475,-8.16382211174098,0.9083090664936844,-5.405040368973413,0.8351458407085399,50.560526676807704,0.0
2019Q3,0.4778978080451468,0.8140353017289215,2.1382599099425637,-0.860244625189932,-0.5992545401817262,0.39263803680982257,0.4841488995330101,1.1904821428571521,-3.220756151350701,0.3745835222680016,-6.336490348020307,5.588867384619034,-3.2663233643625778,-4.117884537747274,-3.4674591884760075,1.170001856591063,-1.9545136372195127,0.0
2019Q4,0.7168334286589806,0.8964840711482847,-0.7734773950590523,-2.0792561225777773,-1.2445901269059756,0.41554632119285007,0.5573508456412135,0.5882293771629854,-2.3783228857191863,0.2857816274821845,-4.638893699790836,0.20915797049299023,-0.9759593236533637,0.8701754385964877,2.422155754229127,0.6818778695641736,-24.40011487044148,0.0
2020Q1,-2.0743444053934357,-0.11971123679481721,-1.5977602346269437,-1.7449305087338551,0.1153130879674169,0.1703992210321248,0.2644749168622118,15.78947368421051,-10.881931166347957,-0.40150023992089334,-21.644267173332977,-0.5554682765895436,-0.12492030945776555,-0.1824281495910851,-1.5395888546282488,-1.3163216720462723,-26.83772530426308,0.0
2020Q2,-14.141099517209154,-3.601001719561403,-13.033039460771445,-16.345836414774194,-22.938687924021817,-0.9720534629404476,0.2075842866080091,104.54545454545455,-16.398029697571104,-3.6310185139665885,-31.241614477701752,-0.6290975975806412,-7.506318522543964,-5.403856578641674,-7.060520297468065,-7.876784495711386,-38.70210974995187,0.0
2020Q3,12.594443284807856,5.564464649924483,14.964138356981827,13.335217471475126,21.450894235774733,0.7116564417177784,0.05708694104058498,-25.679037037037045,30.241236981115915,15.57430571142897,46.74113162535005,12.038177864333433,50.8164921148591,4.204597550592704,6.229780319657263,7.762279174873354,5.771724385641042,0.0
2020Q4,0.5411820516992849,1.345916004559422,2.64818805528233,1.1881428995005106,2.837075223321972,0.8771929824561431,-0.003239663750254085,-11.960106963490702,4.9072652484831725,3.988382665807455,6.172550440233815,3.3442290637273775,-2.6255905414430236,8.943498208786371,9.74013469199111,1.1335151104298946,23.82856552453103,0.0
2021Q1,0.40766733443697856,1.4482057508279578,3.428871622432572,2.6950512337729604,2.7434053435438033,0.9661835748792313,0.08121774069995702,-4.150947326450815,24.096856999749573,12.333081487643982,36.361404574562314,4.610541182008965,29.822188353337143,14.83212184146765,7.862101122834986,1.3958164607909662,-33.18002217573505,0.0
2021Q2,-0.054450375980241716,1.1402223474563211,1.5374664713603492,-3.38052776208857,-0.3301764195454582,0.693779904306191,0.21710643812145047,-3.9370042470082023,14.660141518358284,15.836009824296248,13.681053106958508,9.97487413629845,31.722683937367613,15.904295403165026,3.021640252589708,1.701891279127632,-7.89621589222288,0.0
2021Q3,5.285366292019433,0.4690612089419455,-3.346123293214831,-0.15916742262358508,-1.0096773392421987,1.4017581373247934,0.25942217751548924,-11.885238192017955,2.741843222669549,-5.827244258872655,10.92951032207672,10.63617569958013,-42.464776702490326,4.699673829416029,16.99461269130811,0.8250528696774451,1.1364005051687887,0.0
2021Q4,1.0330734392063334,0.7381204951457443,1.5656377691454892,3.162333525467953,5.109914309767127,1.5932521087160145,0.5763435769541525,-13.953487723093595,8.171972783288805,7.574749909939871,9.129888764944848,3.7964539717519896,28.204631709395112,-0.009314841647678485,2.1074248691175024,1.7157551628220968,-4.4218270722905295,0.0
2022Q1,0.5094447926731638,1.1034725753432229,2.06710702350712,-0.5775553294476765,0.1975786668081181,2.052583025830268,0.27332890677251864,-6.486486135865621,19.213409745523656,13.766566633608534,21.458314855875837,7.898683057918743,34.45048582792127,8.053948308163662,7.95827951141026,-0.2547986271335234,9.083766965428453,0.0
2022Q2,1.9891768248067043,0.11840974524084391,-2.65276738967839,3.8263480138424733,6.238056165797623,2.30508474576272,0.3309418965922184,-10.404623676033308,12.354442991468972,1.4027023814241035,20.97806224065635,6.109903265311711,-19.75443628561481,9.443252356502407,-9.851923766541592,0.15654700217164752,15.823112024837084,0.0
2022Q3,0.055628443205635314,1.2264053921491103,-1.6941566960486987,0.8307065136107905,0.16256496370006257,0.9719461011707509,0.6645205597734627,-2.5806578980220762,-14.549686859169764,-13.412081256245223,-15.461226214368718,-14.059516360677303,-16.4776041399327,-11.85820568927789,-2.436037993965201,0.7218995545372753,1.3458920447780187,0.0
2022Q4,0.049346471800815195,0.952864748693405,-1.1449941675638398,0.14508006243951765,-2.80202621442901,1.1157295996499617,0.8584284130282338,0.0,-12.399953300730315,-6.735821443998169,-16.185316744908327,-9.063096504530622,-10.569805185735582,-2.2700641496693263,2.590937387502956,0.6902403886895891,-20.27124447415637,0.0
2023Q1,0.9539532681977381,0.05709286977793049,0.3763344158218551,3.0833164059855145,-0.6439923688247862,0.7139766334919972,0.5519684600215458,0.6622649445208628,-8.122809615479543,-0.8454131325908998,-13.322400996688366,1.3647997809683288,-6.255310110450307,-0.4633392944236814,1.8021860423637737,0.723850896464695,11.915743944080436,0.0
2023Q2,0.21930622925800947,0.26905378561190574,1.4132487392608306,0.3277364971194796,1.6950462203379812,0.6659505907626428,0.5720516390727015,3.2894603099039355,-2.0039326506710364,-3.660764082543222,-0.681328455352459,-5.752380796477219,-10.171332609173723,1.4281339322172348,-1.6367874404415006,0.6278719587201387,-9.873568690087087,0.0
2023Q3,0.21548436031078033,1.375610546540429,-0.6516327711479697,-0.8901134123969312,0.33292809563609804,1.1523687580025532,0.8099997339360954,5.095548095257829,4.48619547816933,-2.0117375478511557,10.107959408845545,-3.6713780151544695,-4.365114691830618,1.2228383941062182,-7.066729394272042,1.1536060385556546,28.095761481491422,0.0
2023Q4,0.32637378570392617,-0.5063565732161934,-1.3284264098284426,2.24636993059828,0.5077692609641193,0.611814345991557,1.0453022051338579,4.242418181818186,-5.937445890852988,-4.510778456380304,-7.053933518316735,-1.3816263974035348,0.3195978652103859,-10.078151410901437,-0.5724785320550541,0.8440571465622604,-19.345825405848938,0.0
2024Q1,0.7879893229433943,1.4443692168810696,0.14994226133528965,-0.1800899642242837,-0.2703714122102907,0.41937513105472224,0.6345897107823406,2.9069827271501536,-0.7273903754650868,0.8128320739978934,-2.09408517026074,0.04799451491257489,6.242460796139926,-0.9973683628563212,14.080918557629808,0.2098613427756968,42.22207855149331,0.0
2024Q2,0.41238680333550715,1.3640391395335794,0.8199866302228243,-1.225688489045662,0.0020147099006662117,0.5429108373355751,0.652606736294481,6.7796610169491345,7.1625638461062735,5.506628206701847,8.484887389945328,10.09137426900586,-1.092454711529367,3.317101501072184,-4.002027645029848,0.8854862935244512,28.061581525542323,0.0
2024Q3,1.0661457318113632,1.3415915706460613,-0.4527585313988447,-0.15371300171732605,-0.24893757673056793,0.47767393561786164,0.6636497413034181,4.232809523809533,-5.000157303606445,-2.0846360794008367,-7.187886898259399,-0.40918296205306737,-0.4451933831753685,-4.3813374267615,-6.776178341024397,0.8247780216767531,19.540983606557383,0.0
2024Q4,1.190470303237534,0.5860242485197897,2.172996279480399,1.7365136831973382,0.6170174628060243,0.4547333608929227,0.5617787595072476,2.538060784870022,-0.0436035280221625,2.9688927173759705,-2.409951717593284,3.4652598944920676,5.099378376980002,1.0717556216295776,10.655781441758716,0.4598746857240599,117.03236423477783,0.0
2025Q1,0.14137684994226518,-0.10710682035065533,-1.2613721182758164,1.42398492693947,0.8850989730091907,0.7613168724279751,0.19372618759683213,-1.485148588373686,4.293231878696191,4.471336569042483,3.8449071689351744,5.072936552046325,1.2680216611576034,4.759454592230505,8.275963114906126,-0.16251640448184945,101.32002089337587,0.0
