DATEQ,tpuq_qoq_pct,tariffvol_qoq_pct
1960Q1,,
1960Q2,13.240038445412704,36.668434781959625
1960Q3,-8.422354310406643,-33.954666336788875
1960Q4,6.584291286326716,-6.854084078663614
1961Q1,11.398105439430273,-34.355027935337766
1961Q2,-18.89947612840559,11.061899289053834
1961Q3,15.86819641319217,-18.791510689622058
1961Q4,80.82999596930588,18.812762778321712
1962Q1,23.93785880152879,37.589515852179154
1962Q2,-18.99773107609246,-29.460427633579556
1962Q3,0.5788670536099438,11.065123121641896
1962Q4,-25.51877373560477,16.511188126707243
1963Q1,58.65151483234874,-30.367683515945863
1963Q2,-33.76410222399956,-15.094886193297462
1963Q3,0.6332812396475429,10.06597157543261
1963Q4,3.7990121970215007,-17.70955417596599
1964Q1,-2.0945097379302724,-24.089492942597335
1964Q2,-23.46127211127692,-29.046244224767502
1964Q3,-28.26930295873157,19.181982964692736
1964Q4,136.77004664246564,31.405472663081046
1965Q1,-20.308983622840316,106.88096752336284
1965Q2,-38.708396711624275,-26.920266679036743
1965Q3,-3.2376447396565866,-4.305904626367396
1965Q4,7.860291592084057,6.208534790487374
1966Q1,-17.090811804789052,-16.356343225860304
1966Q2,19.59669794976775,19.201885055182053
1966Q3,-17.569396475756715,61.19272155476321
1966Q4,21.729600393544256,-29.461609662964015
1967Q1,29.07649843127478,-13.938754216806226
1967Q2,35.4586630347348,-3.2020493495372837
1967Q3,-40.54381244526265,36.745984412842915
1967Q4,42.05842896034439,-27.85630926755348
1968Q1,14.469664361633928,-8.0171538508373
1968Q2,-25.36426802171703,-17.499273723912435
1968Q3,-17.915772650836658,-24.642334278613763
1968Q4,27.977143877885368,-13.192764293161574
1969Q1,-10.59753043860553,22.76845693079217
1969Q2,0.22926094942290476,51.4787688578221
1969Q3,-22.16295062221073,14.526061410873359
1969Q4,38.50220433509157,18.225468547081203
1970Q1,33.13488484713418,-30.37947238730996
1970Q2,-30.939769681982877,-15.32271001579858
1970Q3,72.75625345458177,-13.91443168121862
1970Q4,-24.218018458257994,-16.13734905185895
1971Q1,-7.065104746382489,21.069208325110502
1971Q2,-4.950523219432501,24.96017364023071
1971Q3,213.5063532639672,205.42284451553115
1971Q4,-10.821146126984916,143.03168678692808
1972Q1,-45.89691019658554,67.74106984438374
1972Q2,-11.07854491267588,-36.802506380248126
1972Q3,-10.557546095351267,-42.48069012557368
1972Q4,-6.294257919114243,-43.85844502505546
1973Q1,51.96143506814974,-42.03785308993867
1973Q2,-20.41231571972061,65.68224708850157
1973Q3,-19.909842918963395,-4.218621593295091
1973Q4,5.338849419606517,-6.126714219276764
1974Q1,-0.3093773670114319,-8.685116276106886
1974Q2,-11.663784599028626,30.800361621544937
1974Q3,-0.5109410129811365,-26.58227671832847
1974Q4,48.43190071208148,-35.97124648058866
1975Q1,106.32305058484009,142.40667282667627
1975Q2,-36.40772923283565,105.6885037370908
1975Q3,-17.125500033398076,19.66311788627022
1975Q4,-27.36524421088946,-36.40381889023004
1976Q1,-4.579668165637352,165.54691763980873
1976Q2,-12.857051842527923,-40.00085124767131
1976Q3,13.981154157972764,-47.30923322162133
1976Q4,6.2492942905499005,-31.04715435537708
1977Q1,-1.828681091017459,-40.93404346678631
1977Q2,33.232108222179505,-31.948003090184997
1977Q3,-30.985273948793324,56.15659101029442
1977Q4,86.49901209353004,-0.4040619379790278
1978Q1,-13.957993671984214,14.340926532895715
1978Q2,-16.21471131746599,6.712110134986782
1978Q3,-6.737104154236451,-29.824548160442312
1978Q4,1.8782375232106352,-37.187001250420856
1979Q1,20.85630408076917,7.693146255200567
1979Q2,9.889400730104448,33.897252997339656
1979Q3,-21.611054797297612,38.803793250927
1979Q4,9.016909050134391,-1.3214152525160228
1980Q1,31.578873460635283,9.929884379743736
1980Q2,10.215782122021878,-31.697156605980283
1980Q3,-25.906873772225136,32.41523664639667
1980Q4,2.6455510892931633,-10.927637773697164
1981Q1,-21.023374097491633,-30.27439280598867
1981Q2,-12.14288830571697,9.9090510465075
1981Q3,-9.99291022938712,43.9236015272183
1981Q4,38.63060319415397,-22.64149301853261
1982Q1,15.411482248483033,-22.35912829899266
1982Q2,-14.880229680807355,-32.50778441663341
1982Q3,2.8864985201205062,113.84222997056935
1982Q4,31.637837801700265,5.965971143384863
1983Q1,-2.3332649839951647,12.040483019354786
1983Q2,-20.059682342895435,9.371689830650176
1983Q3,-8.472146605476482,-28.614137870993517
1983Q4,-15.045506434830259,-36.41310795517416
1984Q1,-0.5648596711211207,-34.23470682377947
1984Q2,5.028512842786759,97.06169906221518
1984Q3,26.44506484497935,-27.38940824493026
1984Q4,-27.659430251715776,-31.144646535388443
1985Q1,27.633100718798474,98.87966433085535
1985Q2,8.838592294444725,55.3011845076991
1985Q3,40.48713892262974,-13.538938480142704
1985Q4,-21.142162566719403,-31.986564281969233
1986Q1,1.2634230184481066,-6.714108293353737
1986Q2,3.9744796348945455,-4.821288989247618
1986Q3,-5.987812609714915,14.341267815514968
1986Q4,1.8759174626302721,-5.374903606692749
1987Q1,35.419610058503046,0.13670572800414948
1987Q2,4.003121050717073,-15.297962039909008
1987Q3,-32.52609160063409,42.409761249912805
1987Q4,20.473907358849907,-26.36263452716007
1988Q1,17.46317989554371,-12.477913764339776
1988Q2,-31.26315585189976,-16.75837655613277
1988Q3,12.925685295897683,-18.835520003784467
1988Q4,16.45582513010213,8.282770771688263
1989Q1,-29.450934831134077,-21.510827568135362
1989Q2,13.551405095298152,-3.5378995336961094
1989Q3,-12.218148845144338,89.13179912829565
1989Q4,-5.00444416328738,1.571146858998107
1990Q1,-0.048269036935744136,6.261627698046612
1990Q2,16.4916449092825,20.59003394729291
1990Q3,-6.567756438129646,-5.544038025846964
1990Q4,0.07381561024883965,9.394453633766386
1991Q1,-9.079348769395324,-16.46701708005953
1991Q2,24.979049239042418,-25.373630979345975
1991Q3,-8.812251009357297,-9.598254645958992
1991Q4,4.685103261258194,40.74723239923876
1992Q1,8.989814839764154,-10.815336327400827
1992Q2,-11.053093027542559,-22.31465480799174
1992Q3,33.37580191307477,-12.756711005735822
1992Q4,7.163989272532434,-30.75140516238474
1993Q1,-5.46515772560785,62.00202324082298
1993Q2,-11.349353891374559,70.12062267033666
1993Q3,10.924281411231496,-20.94274738517752
1993Q4,46.25928033947808,45.92958518076819
1994Q1,-36.28819266773699,-23.76302616021635
1994Q2,-3.603199271944979,-20.105277862388384
1994Q3,-18.61267095340786,-28.56614164471236
1994Q4,30.29136053161836,45.613519711360695
1995Q1,-22.745942336643708,106.98707996374507
1995Q2,41.89100549937053,-23.902843459602995
1995Q3,-38.92308132304391,-34.66673171067593
1995Q4,-5.96821817643558,-32.67960320415848
1996Q1,38.981438605963014,-28.434760248408743
1996Q2,-15.785660577477756,83.14437887744471
1996Q3,-18.928987387780804,-21.62929710454753
1996Q4,4.699224219309062,143.12194106264525
1997Q1,3.4259866420715657,-14.469100339204132
1997Q2,8.50638264426542,0.8649422434391596
1997Q3,-8.316078713044817,-2.394997202910387
1997Q4,26.199925355112953,-16.048091002431597
1998Q1,-25.69076071244818,-27.9042646357741
1998Q2,4.536765018778288,-34.30687207995452
1998Q3,12.37579858326563,-1.85522404804489
1998Q4,-1.4079056221658948,31.558326163182638
1999Q1,8.068582939301017,64.40937970988381
1999Q2,-8.743226028235163,-0.06235963844760661
1999Q3,-4.031264546162605,-8.73433396339819
1999Q4,30.56239495457738,-21.14997456248785
2000Q1,-21.137071313724565,53.793524630698016
2000Q2,15.282108948218088,-5.003979258295033
2000Q3,-15.527215480409684,-6.633649115904139
2000Q4,-13.094713298948324,-22.135804228669354
2001Q1,-12.7610091009,15.233654016889453
2001Q2,28.662946336800687,-27.591444510609563
2001Q3,-6.0190012793105545,-37.17164641196482
2001Q4,6.085747914345396,56.604729072680946
2002Q1,27.68635805342199,33.94842915343275
2002Q2,-0.00042308938702495524,-23.546207485662872
2002Q3,-12.47603143167093,-21.102680617646385
2002Q4,-13.308754990380134,-17.916050407304553
2003Q1,-10.098907332876328,12.549427731713658
2003Q2,-3.0138913811015744,-14.051313799803333
2003Q3,19.414641934946086,-23.22168392202122
2003Q4,38.18406928769586,41.32171888967897
2004Q1,-27.159459225996628,-23.81028035024354
2004Q2,-11.863751151895595,11.20391298565675
2004Q3,11.342591161391669,-25.682866887480504
2004Q4,-1.2397930510798183,-2.9157920366991386
2005Q1,-21.99780287059977,5.205647755116183
2005Q2,46.55246498818029,-13.066829414591474
2005Q3,-22.96121085004129,5.088504630479074
2005Q4,18.550288872014285,74.36779714264439
2006Q1,-23.528276642368915,-15.322943045414917
2006Q2,11.342471681045563,-3.5728558139194067
2006Q3,-2.2236118876168054,-14.294458349137528
2006Q4,-2.557447678993985,42.7194597704476
2007Q1,0.1264040423854862,51.951745481017376
2007Q2,23.004792978980504,-15.285000030550599
2007Q3,-29.528563594861414,-25.093692627465757
2007Q4,12.821255342970828,-25.33907060026619
2008Q1,4.880401125110256,23.875138600320245
2008Q2,16.57715807955484,-0.363438363907731
2008Q3,-3.561672827791773,-6.361613979345238
2008Q4,3.830703126434054,169.4805734192418
2009Q1,-8.969767464454502,-4.2527429971706665
2009Q2,-21.75722086923705,-10.227685846041389
2009Q3,38.955853769325266,36.20013609491748
2009Q4,-3.9477979388096496,-18.348017023726328
2010Q1,-17.71589887381506,-24.19899019360757
2010Q2,3.3192536077754298,-24.75585515882087
2010Q3,21.133462121674086,9.566657855348314
2010Q4,4.152519492700746,-16.44453757949669
2011Q1,-9.151982016111537,5.654160872195391
2011Q2,-3.3459511987357082,-19.919253360077093
2011Q3,0.4233479297198306,-14.944725872978704
2011Q4,25.98886747444631,26.099050211374063
2012Q1,-22.500322437749677,-22.402104331922533
2012Q2,-11.6791851632142,69.62285755138033
2012Q3,2.504675573457793,-13.510106534073941
2012Q4,11.226546405749737,-27.118273142615813
2013Q1,2.5615368304117814,13.382084151583085
2013Q2,-13.826378891558255,-18.322857749673094
2013Q3,-1.893306627748692,0.551262895450777
2013Q4,14.801308544766446,55.18377677229003
2014Q1,-4.868487275902211,6.986683425252527
2014Q2,-10.48814555681339,-26.18655575870148
2014Q3,-9.50528782683342,6.372370854769427
2014Q4,19.926962421264925,3.5762568266732853
2015Q1,-2.764011065255334,-22.151950637848916
2015Q2,50.40255283256323,121.86429428167172
2015Q3,-16.615225105509356,40.14224719178428
2015Q4,27.039637397139394,16.67638432024754
2016Q1,5.849725732203792,-24.403286443322514
2016Q2,46.01107874088037,-12.749092525602734
2016Q3,-25.11072934241536,-32.15868421664513
2016Q4,99.66213006360485,-11.928866274358974
2017Q1,41.89548469305202,-24.316524100153924
2017Q2,-44.25588831782825,1.9920610203076894
2017Q3,-18.688354213025438,-28.555104909931107
2017Q4,-19.515824366042857,-21.616095655074464
2018Q1,182.12726533103057,-5.635105033665377
2018Q2,42.03716677565528,216.8018175436099
2018Q3,12.113226092870487,69.21772878630188
2018Q4,-25.33034422049588,178.86968627109692
2019Q1,-21.82202336922847,0.0
2019Q2,50.560526676807704,0.0
2019Q3,-1.9545136372195127,0.0
2019Q4,-24.40011487044148,0.0
2020Q1,-26.83772530426308,0.0
2020Q2,-38.70210974995187,0.0
2020Q3,5.771724385641042,0.0
2020Q4,23.82856552453103,0.0
2021Q1,-33.18002217573505,0.0
2021Q2,-7.89621589222288,0.0
2021Q3,1.1364005051687887,0.0
2021Q4,-4.4218270722905295,0.0
2022Q1,9.083766965428453,0.0
2022Q2,15.823112024837084,0.0
2022Q3,1.3458920447780187,0.0
2022Q4,-20.27124447415637,0.0
2023Q1,11.915743944080436,0.0
2023Q2,-9.873568690087087,0.0
2023Q3,28.095761481491422,0.0
2023Q4,-19.345825405848938,0.0
2024Q1,42.22207855149331,0.0
2024Q2,28.061581525542323,0.0
2024Q3,19.540983606557383,0.0
2024Q4,117.03236423477783,0.0
2025Q1,101.32002089337587,0.0
2025Q2,63.69765118558781,0.0
2025Q3,-31.998257205451786,0.0
