,quarter,qoq_pct
0,1955Q1,
1,1955Q2,-7.638895833333326
2,1955Q3,-8.270662275989649
3,1955Q4,-5.737720841170413
4,1956Q1,-3.478252476369781
5,1956Q2,-9.009
6,1956Q3,-9.901008920692178
7,1956Q4,2.1978134283311412
8,1957Q1,26.881709677419362
9,1957Q2,5.084746193622558
10,1957Q3,19.354840270551634
11,1957Q4,21.621629839299317
12,1958Q1,11.111116666666664
13,1958Q2,8.999999550000016
14,1958Q3,1.376146725864813
15,1958Q4,-1.8099637190061468
16,1959Q1,-13.824885429718226
17,1959Q2,-5.3475885212614145
18,1959Q3,-5.084745762711873
19,1959Q4,2.9761964285714315
20,1960Q1,9.826577466671838
21,1960Q2,8.947374155124944
22,1960Q3,7.246376811594213
23,1960Q4,2.252256756756754
24,1961Q1,0.8810484193370716
25,1961Q2,-1.310043725329424
26,1961Q3,-7.522115377084749
27,1961Q4,-11.004788947139287
28,1962Q1,-2.150532258064519
29,1962Q2,-5.494516181619991
30,1962Q3,1.1627965792323502
31,1962Q4,1.1494310344827507
32,1963Q1,0.0
33,1963Q2,-3.9772838649270392
34,1963Q3,-5.3254441020972765
35,1963Q4,-4.374994023437139
36,1964Q1,-4.5751568627451
37,1964Q2,-2.0547943798086
38,1964Q3,-4.195803902391337
39,1964Q4,-2.9197224146187972
40,1965Q1,-6.766917802023887
41,1965Q2,0.806467806973199
42,1965Q3,-9.599999232000068
43,1965Q4,-9.73452126243175
44,1966Q1,-0.980382352941167
45,1966Q2,-7.920801195960281
46,1966Q3,10.75267741935484
47,1966Q4,-0.9708641719285649
48,1967Q1,8.823529411764719
49,1967Q2,0.9008918918918862
50,1967Q3,-1.7856965880086229
51,1967Q4,13.636362396694345
52,1968Q1,6.399983488001326
53,1968Q2,2.2556392673412917
54,1968Q3,0.0
55,1968Q4,-1.4705736375421719
56,1969Q1,-4.477611606148391
57,1969Q2,2.343749816894536
58,1969Q3,0.7633510867671056
59,1969Q4,4.545454545454519
60,1970Q1,5.797108695652176
61,1970Q2,18.493149418277444
62,1970Q3,6.936415784022221
63,1970Q4,-1.0810864280493937
64,1971Q1,2.1857868852459106
65,1971Q2,0.534770082073277
66,1971Q3,-2.6595796457670406
67,1971Q4,0.5464426229508268
68,1972Q1,-2.7173805824663444
69,1972Q2,1.6759775600012405
70,1972Q3,4.945054673348648
71,1972Q4,1.5706805460376838
72,1973Q1,-9.278350037198457
73,1973Q2,-7.954550684400519
74,1973Q3,0.0
75,1973Q4,2.4691296296296183
76,1974Q1,-5.421687073595605
77,1974Q2,-0.6369363463016753
78,1974Q3,1.282057692307692
79,1974Q4,7.594936228168603
80,1975Q1,18.235287162630165
81,1975Q2,1.990044776119415
82,1975Q3,1.9512293634746047
83,1975Q4,2.3923348137638856
84,1976Q1,-2.80373844877283
85,1976Q2,-0.9615288923812026
86,1976Q3,4.368931826750888
87,1976Q4,3.7209207571664793
88,1977Q1,4.484314102435616
89,1977Q2,0.8583604781819298
90,1977Q3,4.680855518334259
91,1977Q4,3.252024390243924
92,1978Q1,-1.1810906441803937
93,1978Q2,1.195207123696962
94,1978Q3,-1.1810906441803937
95,1978Q4,-1.195231028078414
96,1979Q1,-2.8225647437552293
97,1979Q2,-4.564319123293014
98,1979Q3,-7.391308374290951
99,1979Q4,1.4084507042253502
100,1980Q1,5.092597222222217
101,1980Q2,2.202634264201131
102,1980Q3,-3.0172371990188407
103,1980Q4,-3.111106666666663
104,1981Q1,1.834857713997362
105,1981Q2,-3.1531486486486515
106,1981Q3,4.1860463169280715
107,1981Q4,12.946419064891979
108,1982Q1,5.9288539892827785
109,1982Q2,16.417914791713283
110,1982Q3,16.346153846153832
111,1982Q4,7.162561983471072
112,1983Q1,-2.5707448404254873
113,1983Q2,-1.8469398013033822
114,1983Q3,-5.913951612903235
115,1983Q4,-3.142884816318614
116,1984Q1,0.0
117,1984Q2,1.7699115044247815
118,1984Q3,-0.5797391304347865
119,1984Q4,-1.4576680634600825
120,1985Q1,-4.1420401946626555
121,1985Q2,-0.9259259259259411
122,1985Q3,-3.738317757009335
123,1985Q4,-0.6472815533980603
124,1986Q1,-3.9087667455266373
125,1986Q2,-2.3728780465382404
126,1986Q3,-0.34721874999998903
127,1986Q4,-1.3937351430754474
128,1987Q1,0.35335336937645234
129,1987Q2,-4.929570769688086
130,1987Q3,-4.814811111111106
131,1987Q4,-4.66926051870582
132,1988Q1,-3.265310070803673
133,1988Q2,-2.5316455696202556
134,1988Q3,1.298701298701288
135,1988Q4,-1.2820512820512775
136,1989Q1,-2.1645064935065017
137,1989Q2,1.7699204322973783
138,1989Q3,-3.913043308128572
139,1989Q4,1.3574660019246343
140,1990Q1,2.2321338289226
141,1990Q2,0.4366899754013165
142,1990Q3,6.52173884688092
143,1990Q4,11.83672604748056
144,1991Q1,11.313909172040471
145,1991Q2,1.6392781510563559
146,1991Q3,0.9677422476587871
147,1991Q4,-0.9584667598935281
148,1992Q1,2.5806782518316806
149,1992Q2,3.7735849056603765
150,1992Q3,4.84845454545455
151,1992Q4,1.7341045474290606
152,1993Q1,-5.113637816374372
153,1993Q2,4.4910193086884265
154,1993Q3,-1.7191982003433304
155,1993Q4,-1.166151943484528
156,1994Q1,-2.3599115044247942
157,1994Q2,-3.625378738785101
158,1994Q3,-4.70219583140935
159,1994Q4,-3.6183959271039234
160,1995Q1,-1.3651843935279517
161,1995Q2,-1.3840796326671234
162,1995Q3,-0.7017578947368541
163,1995Q4,-1.4134240782128549
164,1996Q1,2.1505376344086002
165,1996Q2,-0.7017578947368541
166,1996Q3,2.4735053877563917
167,1996Q4,1.7241309750299694
168,1997Q1,-4.067796748060914
169,1997Q2,-1.4134240782128549
170,1997Q3,-4.659494623655947
171,1997Q4,-1.1278307846679825
172,1998Q1,-1.9011332244208146
173,1998Q2,-3.1007790697674453
174,1998Q3,-1.5999960639998423
175,1998Q4,-2.032512195121927
176,1999Q1,-1.6597591983602222
177,1999Q2,0.0
178,1999Q3,-5.063291139240511
179,1999Q4,-7.111106666666666
180,2000Q1,-1.4354066298848611
181,2000Q2,-2.9126212178339106
182,2000Q3,3.499994825000252
183,2000Q4,0.0
184,2001Q1,1.4492753623188248
185,2001Q2,1.4285714285714235
186,2001Q3,0.9389718309859241
187,2001Q4,6.511618301785194
188,2002Q1,3.9301311759882607
189,2002Q2,-2.9411723924862354
190,2002Q3,-2.1645064935065017
191,2002Q4,0.442486745242765
192,2003Q1,-1.3215858448640594
193,2003Q2,2.6785713089923613
194,2003Q3,1.7391260113423401
195,2003Q4,-4.700858974358968
196,2004Q1,-1.7937175692250062
197,2004Q2,-1.8264794520547856
198,2004Q3,-2.325585938344843
199,2004Q4,1.9047571428571386
200,2005Q1,-2.80373844877283
201,2005Q2,-1.4423077616494084
202,2005Q3,-1.951214729327555
203,2005Q4,-2.4875671641791053
204,2006Q1,1.0204133173680185
205,2006Q2,-4.040409090909081
206,2006Q3,2.6315843490307467
207,2006Q4,-2.051276923076928
208,2007Q1,-0.5235706532161766
209,2007Q2,-2.1052580055399006
210,2007Q3,-3.2258064516129115
211,2007Q4,1.6666666666666607
212,2008Q1,0.5464426229508268
213,2008Q2,0.5434891599722436
214,2008Q3,1.0810702118340343
215,2008Q4,7.486636763991283
216,2009Q1,19.402985074626855
217,2009Q2,7.916662500000005
218,2009Q3,0.38610812301576036
219,2009Q4,-0.7692345857986949
220,2010Q1,-2.713174418604647
221,2010Q2,-2.788852478531745
222,2010Q3,0.8196762631014431
223,2010Q4,-3.252036585365825
224,2011Q1,-1.6806681378431998
225,2011Q2,-0.8547051282051243
226,2011Q3,-3.879310512039247
227,2011Q4,1.3452915401475973
228,2012Q1,0.442486745242765
229,2012Q2,-1.3215858448640594
230,2012Q3,-1.3392856544961917
231,2012Q4,0.0
232,2013Q1,-2.714932003849213
233,2013Q2,0.0
234,2013Q3,0.9302232125477428
235,2013Q4,0.4608387309142259
236,2014Q1,-0.4587247495997815
237,2014Q2,-0.46082490602880055
238,2014Q3,-2.314819444444449
239,2014Q4,-3.7914598953298517
240,2015Q1,1.4778324395156472
241,2015Q2,0.9708640305405858
242,2015Q3,1.9230866309176253
243,2015Q4,0.9433867479534674
244,2016Q1,1.4018692243864095
245,2016Q2,-1.382488542971816
246,2016Q3,-2.336439361515863
247,2016Q4,-1.4354066298848611
248,2017Q1,-1.941757187293336
249,2017Q2,-2.970297176747383
250,2017Q3,-4.591836968971275
251,2017Q4,-1.0695080785833144
252,2018Q1,-4.324329495982193
253,2018Q2,0.0
254,2018Q3,0.0
255,2018Q4,-4.519779661016954
256,2019Q1,2.366875879696795
257,2019Q2,-2.8901790236890768
258,2019Q3,1.1904821428571521
259,2019Q4,0.5882293771629854
260,2020Q1,15.78947368421051
261,2020Q2,104.54545454545455
262,2020Q3,-25.679037037037045
263,2020Q4,-11.960106963490702
264,2021Q1,-4.150947326450815
265,2021Q2,-3.9370042470082023
266,2021Q3,-11.885238192017955
267,2021Q4,-13.953487723093595
268,2022Q1,-6.486486135865621
269,2022Q2,-10.404623676033308
270,2022Q3,-2.5806578980220762
271,2022Q4,0.0
272,2023Q1,0.6622649445208628
273,2023Q2,3.2894603099039355
274,2023Q3,5.095548095257829
275,2023Q4,4.242418181818186
276,2024Q1,2.9069827271501536
277,2024Q2,6.7796610169491345
278,2024Q3,4.232809523809533
279,2024Q4,2.538060784870022
280,2025Q1,-1.485148588373686
281,2025Q2,4.522613292593625
282,2025Q3,1.4423077616493973
