quarter,cpi_qoq,unemp_qoq,pop_qoq,usgdp_qoq,tpuq_qoq,cons_qoq,gfcf_qoq,gov_cons_qoq,exports_qoq,imports_qoq,cagdp_qoq,M.BCPI_qoq,M.BCNE_qoq,M.ENER_qoq,M.MTLS_qoq,M.FOPR_qoq,M.AGRI_qoq,M.FISH_qoq
1992Q2,0.7202881152460927,3.773584905660377,0.3130495963713953,1.0843032755055937,-11.05309302754256,0.004116268757508479,-0.05053603008601826,-0.005695346123291145,0.027895495877363174,0.010599802060550445,-0.003436883296840776,0.037366740624492856,0.02288934165287171,0.0690607949209503,0.011914512413616407,0.012633530746665178,0.04843558854631036,0.046915159944367124
1992Q3,0.3575685339690215,4.84845454545455,0.3592716003095741,0.9881101865980568,33.37580191307477,0.0053294553538982825,0.026364602281319094,-0.0010972506372031177,0.01516011499497516,0.01646623954333748,0.006622395235485357,0.00550353426015282,-0.007344931685910883,0.03331615132749133,0.018451771192978583,0.0030882332845958427,-0.035083555819242496,-0.1471652593486127
1992Q4,0.3958828186856777,1.7341045474290606,0.3627367465897979,1.0428555994048685,7.163989272532434,0.0036561341842062944,-0.04556816519606954,0.01080703171811237,0.026991664037243623,-0.021014517737214078,0.00906551968293634,-0.009364461738002539,-0.017024612008151863,0.007946321927914113,-0.08249099714392161,0.018336125982535645,-0.0035867270603185952,0.07439762226694646
1993Q1,0.6703470031545589,-5.113637816374372,0.2086978668426553,0.166943722340207,-5.46515772560785,0.005331635234751886,-0.021297631664365824,-0.00473790630549864,0.03557926589577498,0.044386403627663995,-0.002548981468509126,0.04659718767184251,0.09288083694820126,-0.04750419974766651,-0.009406255498260796,0.20817893596243642,0.03313723876912955,0.169449454558108
1993Q2,0.3133568350959681,4.4910193086884265,0.2357290888125529,0.5821709439287392,-11.34935389137456,0.0036383440767444597,0.027236693393001943,0.004642976930089304,0.028243015153396556,0.03095150386894474,0.007685963802744666,-0.03107447114602735,-0.04967312631333165,0.010940678834360451,-0.010807192042846192,-0.11393456236505572,0.013777450375296096,-0.07313771095032406
1993Q3,0.3514252245216731,-1.7191982003433304,0.2933477813817031,0.477154822775705,10.924281411231496,0.006586069981269205,0.026388281079594123,-0.01026628721315781,0.0076502334848811415,0.00576063482869138,0.004980982174787485,-0.03782939330949098,-0.022449480990111126,-0.07092029158613322,-0.00272095689286056,-0.05030927835051546,0.013040318937920903,-0.1663946837596776
1993Q4,0.4669260700389088,-1.166151943484528,0.3550839741961908,1.360149302911906,46.25928033947808,0.002530033187994718,0.01911528382783878,-0.002013388438014019,0.02871235553933893,0.025815441130486505,0.005312550571977326,0.030098090522389098,0.0615909019509282,-0.034150408277753286,-0.03294831311284696,0.1611994894669666,0.010274702905996413,0.10870346598202829
1994Q1,-0.6196746707978096,-2.3599115044247942,0.1707494721766345,0.9703629882517052,-36.28819266773699,0.016212109453908496,0.012173053702582592,-0.010939476464340459,0.006517504791705875,-0.0004993281203446998,0.008852100035330324,0.02633978584269059,0.05992631283014971,-0.04440106162422075,0.08932330827067658,0.05690651558073667,0.042657302400552544,0.0593391070766951
1994Q2,-0.3117692907248837,-3.625378738785101,0.2485662599912341,1.355182630845131,-3.603199271944979,0.001563923255332611,0.036603523463305976,0.0115809250863812,0.06865075797279196,0.045027053552397334,0.018152300701588686,0.002678072802964948,-0.015230410564963104,0.04573811594080568,0.04095343272593421,-0.03557337679046246,-0.03491239693757375,-0.004251691386226275
1994Q3,0.5863956215793609,-4.70219583140935,0.3224601493704959,0.5845845553328566,-18.61267095340786,0.004360255175871686,-0.005619797660070702,0.004478656394224956,0.03866430840160184,0.009177005331272525,0.01133750157902469,-0.0036835909315307003,-0.0007796773553343517,-0.010203834510595255,0.06284653371559923,0.017697934499855794,-0.09153492629531457,0.00788110291534938
1994Q4,0.3886513797124014,-3.618395927103923,0.3300234894629827,1.1455701559946796,30.29136053161836,0.011623855752530332,0.004378243403202475,-0.0021424045062996555,0.03885828585407225,0.04634464294177576,0.006228280321465718,0.00794074299944092,0.03138167321633767,-0.04493071584115638,0.10110156500659517,0.028706879601511748,-0.026721803564306645,-0.007884820631221201
1995Q1,0.9678668215253428,-1.3651843935279515,0.1564799900138691,0.3547805075420518,-22.745942336643708,-0.00038297138785736706,-0.022279665395066317,-0.005822547950671719,0.027261551915989557,0.00019592834398629577,0.002793557268407909,0.027189189870545638,0.04063329619389533,-0.007173233591228012,0.025339679045121466,0.03867309448467715,0.0498425570461114,0.13064501964916886
1995Q2,0.7668711656441785,-1.3840796326671234,0.2389651849079799,0.298322846097121,41.89100549937053,0.007639552925043702,-0.0017337491668119043,-0.003225442887172747,-0.021843222359624548,0.0079771296724509,-0.005757323964683536,0.009179040373051617,0.001083896210328783,0.03298584232165269,-0.022513656600953613,-0.001911752678498413,0.033568214968054955,-0.006922363700794687
1995Q3,0.1902587519025722,-0.7017578947368541,0.310733350219361,0.8507255022384363,-38.92308132304391,0.010828262132060118,-0.0051242151683990045,-0.005901371243693276,0.001034672450572316,-0.004456967994936889,0.004509592314624555,0.033512488144167074,0.0705354195550274,-0.06472268249831381,0.02533649187035647,0.09373239508752529,0.08584603764584275,-0.028605925513142005
1995Q4,0.113938473224473,-1.4134240782128549,0.3206675405226677,0.6790820510536255,-5.96821817643558,0.000360432025180657,0.003619197281924613,-0.006762659066881227,0.03704845794937839,0.010634073962833668,0.007394030539613183,0.023331058662964477,0.011655586664528927,0.05781489263202877,-0.039654285204205,0.03905225697696202,0.014973457807065937,0.002697248906758709
1996Q1,0.3793626707131903,2.1505376344086,0.172072828005354,0.7490501226268043,38.98143860596301,0.013564257683400527,0.029238480395127553,-0.0008817072266094073,0.0028030341118370217,0.02141237435642651,0.006797040865659909,0.001747588442921666,-0.03885542903123551,0.11702772307226184,-0.012050696031581043,-0.07775574583145561,0.009125667291876693,-0.05539579537983608
1996Q2,0.7180650037792891,-0.7017578947368541,0.2287510684077398,1.6679441018912833,-15.785660577477756,0.0018937587420833069,0.005538993581614804,-0.0031557289051100668,0.038073637364661295,-0.0015617962866176782,0.013040447339934147,0.02830286127466186,0.027437052070780732,0.030800991538768807,-0.022270186507277745,0.004495567956373625,0.11443328448368306,0.0016045138907336831
1996Q3,0.1876172607879977,2.473505387756392,0.3252703603825901,0.8970337411311258,-18.928987387780804,0.0042002952504169855,0.04813891048311092,-0.013479372514693111,0.020633290291899087,0.03789567849795894,0.003195090882410767,-0.011886824041520194,-0.021580779772339964,0.009297498008200789,-0.06065683266729316,0.035336582897950164,-0.07017656397838234,0.014173487303801746
1996Q4,0.7490636704119868,1.7241309750299694,0.3309263038860477,1.0383695301930065,4.699224219309062,0.01814771325523168,0.059277900194773636,-0.004397393329011123,-0.027077331900683177,0.021288360216132673,0.004085298665840398,0.02616062351745163,-0.027444794952681373,0.1585423259923382,-0.0043145525760771575,-0.0016445050039937126,-0.10234387126817401,0.27117101567526003
1997Q1,0.4832713754646667,-4.067796748060914,0.1458519575365802,0.6454431985977394,3.4259866420715657,0.017199606964096503,0.028773067947678754,0.002317136962647126,0.05508084037936811,0.05913483643429096,0.016186966535277847,-0.01984677366092069,-0.012338631203373418,-0.02599781215814978,0.048609850272946176,-0.03955195783132548,-0.029396507003285666,0.0827439217574133
1997Q2,0.1479837217905899,-1.4134240782128549,0.2234372033766529,1.665217830555843,8.50638264426542,0.008581230571776288,0.03237407697677064,-0.007355109413140326,0.012628992287158525,0.021949339100558518,0.006313379696008425,-0.05264872028121248,0.010193894172665585,-0.17770318837603327,-0.006937310262832619,0.010780297536211902,0.027238355405111214,0.004563954261654013
1997Q3,0.3324713705209259,-4.659494623655947,0.2949089966158613,1.2485689750959317,-8.316078713044817,0.012961259114899093,0.032856913398619625,0.00314912507262477,0.028374271403999174,0.04120407468643705,0.011221992604800946,-0.021907415090984372,-0.03488946684005201,0.0063296572931546,-0.008113260182257886,-0.0525606469002694,-0.019887075328078874,-0.15947796481936827
1997Q4,0.0368188512517964,-1.1278307846679825,0.297071338450805,0.8538602727445443,26.199925355112956,0.006814101905778358,0.010971738085961746,4.424158857574412e-05,0.017885010080219033,0.014522952783018184,0.007326634849135871,0.004654150556922421,-0.038535645472061786,0.10317361832818883,-0.06212060843274669,-0.03361748723354174,-0.04773795245866164,0.3304799452725571
1998Q1,0.5888847994111046,-1.9011332244208143,0.1124061878746252,1.0037531320823412,-25.69076071244818,0.0006100265986468401,-0.003568209670556044,0.02429436781206995,0.03203890801174225,0.012539768412906938,0.012970960556238254,-0.09672943986681304,-0.05420631472735671,-0.1866831644884388,-0.053253033123836335,-0.05680277871907824,-0.051824169471228365,-0.036289586025397336
1998Q2,2.220446049250313e-14,-3.1007790697674453,0.1720831532544542,0.9256878799962952,4.536765018778288,0.012041188948249015,0.0027699706913928424,-0.009187336621595321,0.011188788573406327,0.005404533724696847,0.006616876417252726,-0.01702883549477119,-0.005556461052912298,-0.043963453110548056,-0.02733235670639178,-0.008353168365743069,0.025237898220934918,-0.04068881759531606
1998Q3,0.1097694840834329,-1.5999960639998425,0.2493103432226862,1.258940271371034,12.37579858326563,0.0056566091660243956,0.0031686238488326524,0.0027242242006817463,0.020085534827419593,-0.022725659756149597,0.017185723157050248,-0.04774586265931158,-0.04748636648091298,-0.048534823374110636,-0.04008141112618713,-0.0030456048186224827,-0.123083131557708,-0.05836766653738368
1998Q4,0.4385964912280382,-2.032512195121927,0.2535750665400016,1.609196570958149,-1.4079056221658948,0.0029912351857372954,0.01094887299813152,-0.0009478495107320128,0.03846779433913028,0.039635389268434906,0.005575837471935685,-0.02414245762228162,-0.03338182614544705,-0.0014729219921506553,-0.020467588273542003,-0.027448753619896626,-0.05672487707995233,-0.023609869827083907
1999Q1,0.2911208151383126,-1.6597591983602222,0.094199325415345,0.9394337487217186,8.068582939301017,0.014565629478843434,0.002966471347624733,0.016990912871220232,0.03587537047766354,0.018996274669499158,0.01943080730728397,0.010922330097087096,0.032981081999579276,-0.03251870039399318,-0.014863343819446317,0.04771246409304286,0.054178970342791066,0.05441470267516757
1999Q2,0.7619738751814209,0.0,0.1803661235017628,0.8347428958686454,-8.743226028235163,0.010131760014790103,0.02187738590344601,0.011190597359515664,0.0014099955336153158,0.018585695089539556,0.00696240521901359,0.09668927812088701,0.034842004668577786,0.22149103392648128,0.03430597058651208,0.035754090321430176,0.041018146388990484,-0.03492774026503431
1999Q3,0.6481814908174455,-5.063291139240511,0.2856370388804263,1.3258832295057754,-4.031264546162605,0.012316462320573152,0.006979034104833914,0.01549325583633987,0.034193420362933935,0.023847456477342988,0.01671289536124476,0.07539829077864524,0.017651956702747773,0.19517144743835457,0.06222914601331242,0.028364825894202195,-0.038817005545286665,0.021017391950503228
1999Q4,0.6440071556350624,-7.111106666666666,0.2987373626234024,1.6406670865683814,30.56239495457738,0.009587554171396562,0.024964996293155295,0.003677070691896489,0.027120729991535697,0.050339563104088825,0.00536310171676746,0.03677904367128204,0.003109147439044335,0.1002668211893758,0.06384992800384004,-0.03815084547128733,0.022906523855891203,0.004083242998923486
2000Q1,0.6398862424457752,-1.4354066298848611,0.1107368575984812,0.3627934087263806,-21.137071313724565,0.010601617934661078,0.010819780809820045,0.009601139559967109,0.03275170462915433,0.021088581979855192,0.015493917374731936,0.07957180033120426,0.045617677591576644,0.11019320861018378,0.045806023084731695,0.03830421444267973,0.061778634492277495,0.0236635601011701
2000Q2,0.4592016955139444,-2.9126212178339106,0.2232794529178461,1.821287813135264,15.282108948218088,0.00861384796090725,0.009641339599715693,0.008358638726440049,0.014727119206934702,0.0057414211813267,0.0118820345286057,0.053809153363208795,-0.027728136612486964,0.16407504040509924,-0.04378774805867125,-0.05572959777039699,0.039334782706143656,0.026109057301294092
2000Q3,0.9142053445851062,3.499994825000252,0.2997316796773841,0.1019325863560904,-15.527215480409684,0.012737964637850041,0.011244678319664914,0.006096547707365119,0.00823831126206187,0.009747560845495329,0.010066991073495402,0.04086173553203443,-0.04956893407827756,0.15686097974733926,0.010652430007268565,-0.08463894190226806,-0.04017510566721305,-0.0535043691118684
2000Q4,1.0801393728222752,0.0,0.3201455529980856,0.5970387927816567,-13.094713298948324,0.0023458148444586158,0.0027711484605088543,0.0071432814820209245,0.001787960271567357,-0.008787575315661655,0.006654813792806635,0.05740799936069063,-0.032216475066382144,0.17439388540041056,-0.03608451961708248,-0.03716543832428254,-0.017165067739108864,-0.050431679521123485
2001Q1,0.2412961047914441,1.4492753623188248,0.1314710263643936,-0.3277988076401672,-12.7610091009,0.007711595141103089,0.021614262422341213,0.018434583085108258,-0.016903992812101976,-0.027022449413745875,0.013667653398869106,-0.058485664352179945,-0.010483077996637724,-0.10278571254181001,-0.008323256232793952,-0.020130932896890275,-0.0019659389644532954,0.13515337398521843
2001Q2,1.3067400275103225,1.4285714285714235,0.28079990161054,0.624502930243831,28.662946336800687,0.0018381335270003518,0.01309209144752721,0.01263997307996334,-0.013024853090074728,-0.007052958190067571,0.003620090260904263,-0.04352624819393158,0.1084416521084095,-0.19076903939077072,-0.02612632480184729,0.17277177474271177,0.15588996541377487,-0.017781305955936744
2001Q3,0.0339443312966647,0.938971830985924,0.355404271023807,-0.4006391953190746,-6.0190012793105545,0.00280759254857621,0.009600597924020349,0.006042314455962483,-0.021438440958755578,-0.02321845167552361,0.003430482715174321,-0.13886033191364366,-0.040790063476915384,-0.23758580768510185,-0.06154010096839069,-0.06465961129735542,0.01815119389676001,-0.05354126950760729
2001Q4,-0.5089921954530063,6.511618301785194,0.3482109052119986,0.2747754478590769,6.085747914345396,0.012339917325157046,-0.04132551879455271,0.007519857966173049,0.0035662574876909048,-0.024142940508822264,0.008449500296798362,-0.13150361193338944,-0.09367180198378022,-0.17150670085879383,-0.02590379401870757,-0.138013024737631,-0.0807886183608727,-0.10280495510157184
2002Q1,0.7162346521146112,3.9301311759882607,0.1285719531188833,0.8363586564324121,27.68635805342199,0.015119881237142252,0.006204327569589552,0.0036289877392601255,0.016818814474202526,0.00609717067519,0.013739625202212835,0.06428310937806825,0.05415474685649646,0.07528271896935923,0.05417613801946719,0.06663677251912548,0.0170019055684949,0.22826059121289966
2002Q2,1.083643752116492,-2.9411723924862354,0.2688128575359272,0.6127065840058066,-0.0004230893870249,0.012840376111423524,0.015313744059353596,0.003997598609398523,-0.001596498805383817,0.0469411121185761,-0.0029917706690287815,0.10581599167073041,-0.009261596718207366,0.2549897446778415,0.022447681972742384,-0.01481585283514042,-0.01936168883892342,-0.10847907595759243
2002Q3,1.1055276381909396,-2.1645064935065017,0.3408251490224057,0.4065114300350947,-12.47603143167093,0.0021422422249273154,0.01782437886261512,0.00894667885717837,0.022394460127758364,0.01857344836970931,0.009086903538861435,-0.010094629704669456,-0.03181883330944546,0.0178705274369797,-0.019954035419764815,-0.07388729407505101,0.037046472623824434,-0.07934565269078298
2002Q4,0.8614976805831454,0.442486745242765,0.2917102570126229,0.123605052551956,-13.308754990380134,0.009819580683895879,0.0045385776628990016,0.005565090929591676,-0.014106117304541144,-0.002325613705952634,0.002855783140670809,0.044835598791220566,-0.023324286536722028,0.12983489651964963,0.021105194912682368,-0.061519128734990214,-0.009703570258761895,0.05683222976748903
2003Q1,1.2812089356110778,-1.3215858448640594,0.0913748215976451,0.5266419858050542,-10.098907332876328,0.004367617592125228,0.008202740560671273,0.011219163373199947,-0.01614824312166796,0.008638822321133333,-0.0014891439128579265,0.1748153440189899,0.04484901561210597,0.31714070095656277,0.05336107208472929,0.06532865176897662,-0.0020672261958903926,0.11961799157145836
2003Q2,-0.5189750243269842,2.6785713089923613,0.2221419934264945,0.885621672871495,-3.0138913811015744,0.008352454116447916,0.007523743554362028,0.006158094858086827,-0.020233578674876185,0.0019195100480651206,-0.00019978911215723372,-0.03908625458540116,0.05784977433913574,-0.1210762665515791,-0.007771821376356125,0.11168214510159902,0.04263164436342559,0.07825380696130058
2003Q3,0.521682425823311,1.73912601134234,0.2951471827750129,1.663199956971062,19.414641934946086,0.008647983975796691,0.0348349809433266,0.003714550038703024,0.012161847071999077,0.0015524612951338668,0.01523716953837706,-0.00349090018271081,0.05291867924240834,-0.0486500901633099,0.04921931547926772,0.12364010954498661,-0.023921163474529217,-0.12231590893253563
2003Q4,0.4216672072656413,-4.700858974358968,0.2960578824763304,1.160721398176312,38.18406928769586,0.001124098177582411,0.024056422435222657,0.00874950118415363,0.031493237219457626,0.04615620995348557,0.0048459782045000566,0.02788163110614894,0.019898121617319076,0.03542236757213724,0.086872967379521,-0.01029694557488503,0.018014167073766574,-0.11648859348652929
2004Q1,0.4844961240310086,-1.7937175692250062,0.1247221582485469,0.5666514539569345,-27.159459225996628,0.012597747917380886,0.022911074278153976,0.008999312009501992,-0.0009814610763196896,0.008865220374715932,0.010064370690033186,0.11291592342723877,0.1023596350582463,0.12160838139111174,0.09509452781429939,0.1320899653197476,0.06858216863615474,0.14424850333993788
2004Q2,0.7714561234329675,-1.8264794520547856,0.2170871139580255,0.7749523237421174,-11.863751151895595,0.004377797367004277,0.01701551811130031,-0.00032811407083421784,0.04597171443777093,0.026603500232248223,0.013497121003489099,0.08020236389684832,0.07039425416071343,0.08819754410835023,-0.026475397958972358,0.13275325297357687,0.10442901783208258,-0.03215829705754758
2004Q3,0.2551834130781527,-2.325585938344843,0.2955059654503378,0.9485938887930924,11.342591161391669,0.009479687269156045,0.015446568953157325,0.00827842173679727,-0.0032954089629111394,0.02831922213127669,0.00033290657851203775,0.016031565771695178,0.007491582491582438,0.023216266173752276,0.04177120986604277,0.005144467935165542,-0.034850230414746663,0.0841934025510338
2004Q4,0.7636016544702251,1.9047571428571384,0.3112201404391834,1.0202081286209586,-1.2397930510798183,0.008305027798575892,0.016329909380321084,0.007519513597509686,-0.00972760373404924,0.01122154348977844,0.0025374239236324314,0.04534514689445279,-0.04136877409498352,0.12443439692518377,0.07638612497321118,-0.1361301970132509,-0.019976477609844334,0.04034413691346006
2005Q1,0.3789074834227746,-2.80373844877283,0.1148753424309978,1.1093633541958248,-21.99780287059977,0.01412918067586233,0.023957794591655812,0.0016043329915707005,0.00987169802960608,0.032903618496806786,0.005769909373089632,0.050558421590740865,0.05412303746404867,0.03573024217980181,0.043811745074615605,0.11164541295107067,-0.01810886815096069,0.08254026981288498
2005Q2,0.4403900597672594,-1.4423077616494084,0.2043896415187429,0.4926244548107306,46.55246498818029,0.008707816883646302,0.023743755698125923,0.0066579385189378115,-0.0036494314604649247,-0.007380726443892982,0.011848159974137573,0.040911691071043865,-0.011728715865066408,0.07681307577306473,-0.003605976656523846,-0.045283638753011335,0.03227042212411946,-0.012829113924050617
2005Q3,0.9708737864077444,-1.951214729327555,0.3178630720569897,0.7838140345072908,-22.96121085004129,0.006862395716041192,0.028478886498584544,0.007362457200848382,0.01429545312399938,0.017421108067475544,0.010647300409214466,0.15028476811739022,-0.025516606709612644,0.28484919990341795,0.006554358329231125,-0.058797101726346335,-0.014561648435152619,-0.035339449776564
2005Q4,0.4962779156327812,-2.4875671641791053,0.342957910638586,0.5555165396517348,18.550288872014285,0.009590200669446602,0.021516621205586617,0.012287088298403859,0.02310058542317428,0.022964385252898012,0.01321505463156214,0.0594027461516029,0.028465953689167822,0.07848019629658887,0.06908356503074708,0.007231142662725842,-0.0001793303803598878,0.11084267683984605
2006Q1,0.6172839506173089,1.0204133173680183,0.1285741666440243,1.3453837684874737,-23.528276642368915,0.013912370777656946,0.021304714620049126,0.003622127271407649,-0.01343504605882373,0.009044106309206157,0.00507940568592069,-0.0696535769715072,0.07299331003971066,-0.15461337251322216,0.149214282688805,0.0435391983866904,0.0007174501820530477,0.06337558372248142
2006Q2,0.4294478527607115,-4.040409090909081,0.2323266288539294,0.25875276349554,11.342471681045565,0.008832945272338577,0.008856028913045932,0.010330589967278314,-0.0037793134889323454,0.026073325131816816,-0.0004434264629651352,0.03134993578928813,0.07889706372668859,-0.0003794461959347739,0.19919798907554997,-0.02147971360381873,0.05366264585163005,-0.13317597942958737
2006Q3,0.0610873549175439,2.6315843490307467,0.3111224760719677,0.1499559256315619,-2.2236118876168054,0.010505639850995507,-0.0013364653963776618,0.0036923146854022093,-0.0005053229963625228,-0.0015077320727456822,0.006449894648650201,-0.012439572244738462,0.013329624936905926,-0.02797954899057109,0.075275691225827,-0.05061716204206568,0.014118767754775607,-0.11638533962086561
2006Q4,0.2747252747252737,-2.051276923076928,0.3366348908374394,0.8594498006118778,-2.557447678993985,0.010016831180694297,0.0027409204074153593,0.008550749554656178,0.007564752455810009,-0.0003235083980417386,0.010564283523313733,-0.03401856681953597,-0.00010165597584643749,-0.05809538732267061,0.05447955730357634,-0.06452820768846734,0.0001006424342049339,0.03055512704674168
2007Q1,1.0654490106545067,-0.5235706532161766,0.1132437266986974,0.3008356667056455,0.1264040423854862,0.007763829521433507,0.012215504834420798,0.007585422398584285,0.010015617684937084,0.0214869517724825,0.0050924106618506215,0.015624800051186938,0.03738270249387443,0.002183065248825944,0.047094731592015604,0.026539915499221634,0.0243027019774249,0.0741211985130854
2007Q2,0.6927710843373402,-2.1052580055399006,0.2081921769426786,0.6117619579946387,23.004792978980504,0.014849568467827368,0.005825618463363824,0.006423976362741612,0.015162366578838515,0.01578201479866692,0.010722020576105606,0.07728750346495983,0.053587879025460916,0.09455601295238858,0.07549768308783533,0.0012130795975175968,0.07970919570343216,0.052153773666293146
2007Q3,0.0299132515704236,-3.2258064516129115,0.3139209205500259,0.5760257959612325,-29.528563594861414,0.009257847119970464,0.002716162828777513,0.013454703947548552,-0.01861531400145111,0.02398176986917555,-0.0051330996208331925,-0.014812865497075944,-0.0491693486875151,0.01156749063845175,-0.1400299431465336,0.012429818583065577,0.04795268425841681,-0.06768297297979164
2007Q4,0.6877990430622205,1.6666666666666607,0.3436784085663502,0.6282367318126258,12.821255342970828,0.01831248345746772,0.014178934005091293,0.00029767637544786396,-0.023548354888717427,0.020727768396685775,-0.001621971608830819,0.09411932307217419,-0.005908824104871591,0.1742982150641299,-0.010563202884028788,-0.051940419711928865,0.059448351711961944,-0.04284013340820081
2008Q1,0.3267003267003243,0.5464426229508268,0.1464884556103607,-0.4267643208994753,4.880401125110256,0.008438086968020286,0.019314874434339657,0.01398241214292284,-0.014640775080996704,0.0012996304266650327,0.007098264249734143,0.11958355712526392,0.08754526846165978,0.1471567965055074,0.07034149542862322,-0.03524293619754981,0.221472476437645,0.23023723446737998
2008Q2,1.3321492007104752,0.5434891599722436,0.2333778776095529,0.5954282618129358,16.57715807955484,0.002047965903354765,-0.0064847614035414836,0.017183093759957302,0.009110595411277345,0.0072023840011397056,0.004607270501745475,0.20059118552080046,0.07145830317069612,0.2840576782155504,0.1439543304173163,0.08081775700934601,-0.016047146179996363,-0.13369853412195254
2008Q3,1.1685655857434971,1.0810702118340343,0.361948181012961,-0.5252580505168858,-3.561672827791773,0.0009388580555640402,-0.009384358217410238,-0.001124931137011842,-0.00806536877351327,-0.027188461237374284,0.004612003791965691,-0.07303035195350349,-0.040469896713932085,-0.09108679332832892,-0.06291037293398449,0.07814695518709858,-0.08722681244246455,-0.11505225880043513
2008Q4,-0.9818076812012744,7.486636763991283,0.3780156811540092,-2.189026595298116,3.830703126434054,-0.011771043845435258,-0.0539678018409262,0.014471892248655749,-0.04682870412062634,-0.06348052324549869,-0.008254505139754897,-0.38727108061271587,-0.23331015605059124,-0.4612331001783869,-0.2636880929370229,-0.16663993263022825,-0.2435938939661827,-0.15354523960296607
2009Q1,-0.3207932341790509,19.40298507462685,0.1641327903071809,-1.1348742974823025,-8.969767464454502,-0.0033554892378351298,-0.13038200167567204,0.00023022474222322842,-0.09003223111236736,-0.10168356784516241,-0.022994395030703885,-0.1529458581752805,-0.03486436533538417,-0.22150912982154236,-0.03780963924809311,-0.12639847941678883,0.018814814814815062,0.28176059424261046
2009Q2,0.2340550029256816,7.916662500000005,0.2529365269350769,-0.1786509506351064,-21.75722086923705,0.007598842037783271,-0.014541445581187418,0.01225899095197569,-0.0411916770950409,-0.015849003523129568,-0.0021068806938835394,0.1417449664429531,0.050813588352840444,0.20923587040541158,0.09985314690181712,-0.01980198019801982,0.05457806213949867,-0.12202686227987469
2009Q3,0.2335084646818197,0.3861081230157603,0.3514052524886013,0.3511923951750484,38.95585376932527,0.009520212589373855,0.019420267120846546,0.017211486845360113,0.026507959315354768,0.06156637018549027,0.00313755629985657,0.03903127204326351,0.004584352078239595,0.06178538682031309,0.07746728427873562,0.03735547407313744,-0.08257878690383202,-0.09047353059185437
2009Q4,0.6406523005241915,-0.7692345857986949,0.382134214473373,1.0809136508185713,-3.9477979388096496,0.006219675617908038,0.04007464785042103,0.019017792115416654,0.023637567663763903,0.038095399819335185,0.011262927495407027,0.11130204797465493,0.04013566350043374,0.16303358849328498,0.05799025077817577,0.08809588299024917,-0.007064010287069156,0.026753972441592166
2010Q1,0.4918981481481621,-2.713174418604647,0.1493990520513799,0.4845009505686004,-17.71589887381506,0.011083720379469142,0.04206903462345579,0.008617243436900068,0.01383052518158756,0.04316584887998509,0.0071071319017459444,0.07298898483585425,0.058952887521530384,0.08203533065691015,0.014455102584598922,0.13152031862592573,0.0588482626391742,0.3227494060757188
2010Q2,0.0,-2.788852478531745,0.2408972801811293,0.9675861183124024,3.3192536077754298,0.00856089569758467,0.023909398269346127,0.0009877890332816719,0.032259708185248925,0.027780134099430143,0.010172698811693692,-0.01779773095239523,0.031620512925434774,-0.050625376113186626,0.006976820539759565,0.07668954593453003,0.0397890623759074,-0.019555705578518823
2010Q3,0.719838756118607,0.8196762631014431,0.3406297718995255,0.7710849360473171,21.13346212167409,0.008022785629927753,0.014392151870863401,0.002748814653800835,-0.0001834170603380869,0.018655004104687123,0.0020056985797687332,-0.025867065983962823,0.0030046408313830764,-0.04494100210910357,0.0002825733739806324,-0.06056148093661884,0.07123216522562692,-0.16481803270701723
2010Q4,1.0005717552887594,-3.252036585365825,0.3723735956187912,0.5251102608268665,4.152519492700746,0.009527837657129723,0.02390961926610302,0.00418166456910285,0.023953723425748308,0.003936255337386285,0.016928723683131253,0.08777551880594037,0.08651764263893136,0.08775619829778081,0.0975254651636559,0.0837248249162641,0.07924420677361854,-0.0064984055378392025
2011Q1,0.7076139258420433,-1.6806681378431998,0.0999105516083842,-0.2372048971090112,-9.151982016111536,0.002187060032330379,0.01870501134538749,-0.0034002046165539923,0.001765844480786427,0.02186152952721443,-0.002537277715667585,0.10765671565247636,0.10673533640284627,0.10906604802654818,0.06747117959480664,0.05378556018263003,0.19489442668005608,0.20102634761947624
2011Q2,0.9555930297920012,-0.8547051282051243,0.1870889648388773,0.6765822931436682,-3.345951198735708,0.004576658416567625,0.018683674057262678,-0.0029400426320034256,-0.014801151419209901,0.009463192936713938,-0.0018461533894225113,0.06643996995668422,0.00866576775084682,0.10890808919567174,0.015589498186943995,-0.06922820549445319,0.05202804317055909,-0.08964393383850733
2011Q3,0.334075723830729,-3.879310512039247,0.3174532227128601,-0.0223127359171404,0.4233479297198306,0.004298838162199559,0.013970138163127643,-0.0033347431950812023,0.05379680627519079,0.00786492119163995,0.017702880540788613,-0.05420620257499964,0.011142628910516539,-0.09816917670951508,0.057181992512099544,0.0012788377922143823,-0.047951900942850734,-0.006164972075039188
2011Q4,0.638179800221983,1.345291540147597,0.3450631567908813,1.1230490567579965,25.98886747444631,0.0059670573583119335,0.01908645072132309,-0.003830764835591083,0.01272724214583576,0.009786554977873507,0.006888871461132595,-0.02033009629508742,-0.062217349595724225,0.010588910436537757,-0.0717660574232113,-0.05933381015632966,-0.049285122826387195,-0.06599831410889145
2012Q1,0.4687069203197946,0.442486745242765,0.1692480287359687,0.838590819971663,-22.50032243774968,0.0055908324666376075,0.028181679077428967,0.004962700784396645,-0.0017626442504266038,0.01782190113393689,0.003896241346913243,0.00517498099730318,0.057869355545813184,-0.03315116185717004,0.06455680300753275,0.03719192292234674,0.056880073393643205,0.15037970973129133
2012Q2,0.0548847420417608,-1.3215858448640594,0.2206510875873535,0.4463347461653111,-11.6791851632142,0.0013810754271865733,0.010487204204975953,-0.0005855970982455716,0.0008465256467911075,0.00026982001626940644,0.0030289976681121544,-0.04588961630894184,-0.0103524211176389,-0.07104246791463875,-0.05714110890639057,0.043712756710337475,0.02552494808205763,-0.03927018409679928
2012Q3,0.054854635216639,-1.3392856544961915,0.3503767555406822,0.1440279973229374,2.504675573457793,0.006090485526359046,-0.00020147363641598304,0.003916573989400263,-0.006714595707800086,0.0107182819607754,-0.0012212318423294732,0.007181942544459696,-0.023154800515646,0.02974167344331491,-0.04653081658384639,-0.003020238608884118,0.000278575408220183,-0.046050657118728244
2012Q4,0.4111842105263052,0.0,0.3502336778065107,0.1156405537603655,11.226546405749737,0.005380772104615517,0.010594077695571968,-0.0021292033401003607,-0.002510371083189966,-0.003468178009550016,0.0051799666386695975,-0.02434042094483513,0.029427834141667386,-0.0630074630815648,0.055690602362778785,0.05522342995169094,-0.014492598384712618,-0.00861141799398557
2013Q1,0.4095004095004073,-2.714932003849213,0.1344080272432046,0.9865606638638448,2.5615368304117814,0.006673726911053279,0.008792870221350668,-0.010600749846989999,0.01567992993666323,0.011711291099745225,0.0036643995866025847,0.020633193200713773,-0.021588960561770176,0.05156304723599958,-0.09098989154712289,0.08864345188703537,0.002315091571110317,0.16568021136219357
2013Q2,-0.1631321370309857,0.0,0.2143611076884433,0.2676363348129262,-13.826378891558257,0.009128266754881764,0.00855528992238419,-0.01069213341700248,0.018172886004027333,0.01051203068852935,0.00622846247154385,0.012438161014105109,-0.04561614340794162,0.055231689891165114,-0.07242624894243266,-0.06670696769784756,-0.005205057580949801,0.03321895259319296
2013Q3,0.4357298474945592,0.9302232125477428,0.3559417033142775,0.851393569084391,-1.893306627748692,0.0069644487722815285,0.0019970761250025504,0.0035915071252254904,-0.007058212257058827,-0.004566813978291506,0.0047005357843126205,0.02349614011077139,-0.03872857642532346,0.06961874527835077,-0.03567078665800083,0.0002628441615741828,-0.06527284222459606,0.007935097641529998
2013Q4,0.2711496746204078,0.4608387309142259,0.3665945364372813,0.8717417534272576,14.801308544766446,0.005939266813109967,0.007726916943338935,0.002221357266385837,0.013804180177327652,0.0018613488656846755,0.00912726782638984,-0.0669166923482738,-0.019594109032029183,-0.09828890606497886,-0.011622111463525209,0.06676364318896355,-0.07652478134110785,0.0428708645908058
2014Q1,0.7842076798269204,-0.4587247495997815,0.1062948831819898,-0.3450959852847712,-4.868487275902211,0.0028292116863219974,0.0039792467971597745,0.001353290054153078,-0.003303876934948491,-0.005961305412514051,0.0037904392823335797,0.05634922412055787,0.004843333920966364,0.09259177154390708,-0.01952346024251017,0.00651013029058034,0.031721978077486446,0.1681997831485431
2014Q2,0.7512744834988094,-0.4608249060288005,0.2085764803455791,1.2918421292132942,-10.48814555681339,0.009080279181837625,0.011643492423884183,-0.004425532302260393,0.058686381248458375,0.033204903886627335,0.013426822734780686,0.03262286568239858,0.03343521177480868,0.03177747074907478,0.029380307537653083,-0.036719139228557074,0.0931578947368421,-0.019825349301397344
2014Q3,0.2929427430093279,-2.314819444444449,0.3214163769863054,1.2153914093167906,-9.50528782683342,0.007417788287916949,0.014665508741380506,0.0015805002576207983,0.014824319864006341,0.004087058157674406,0.011011907668926568,-0.04333412023114269,-0.002126518942101585,-0.06784904953647353,0.005592523619186052,0.020198170731707155,-0.0251480780642922,-0.02623111893986052
2014Q4,0.1327668613913868,-3.791459895329852,0.3421537906488137,0.5057331362120498,19.926962421264925,0.007475336524349174,0.014515386280104181,-0.0017153404470438005,0.005361453921622683,0.00794685827783681,0.005969647691266289,-0.16160266932741119,-0.037033720742823295,-0.2266646843016783,-0.05449063592169978,-0.010752975078712756,-0.028358123241256417,-0.07035961406251212
2015Q1,-0.1060726597719496,1.4778324395156472,0.044263436918901,0.9004849775657187,-2.764011065255334,0.0016921929137598823,-0.05542142736220512,0.015458017783032574,-0.010259298546445805,-0.004534361464518355,-0.008850816793746219,-0.23312581179737524,-0.04818403287895423,-0.3374382316721486,-0.03545879065101332,-0.05944706675657441,-0.06651614733557143,0.08812736725781889
2015Q2,0.5840191133527961,0.9708640305405858,0.1003372321694451,0.6194050867588619,50.40255283256323,0.005360215903300158,-0.0284935212757631,-0.003014899129160753,0.013402161136035318,0.0024208844862041445,-0.0001583802978224469,0.08736462696280478,-0.010404048298229718,0.20458074534161508,-0.0013001163913720637,-0.07248621108275266,0.012789828920209079,0.058776558631846276
2015Q3,0.607020321984697,1.923086630917625,0.2745660413561168,0.4002450612528241,-16.615225105509356,0.0075201319183744175,-0.01549596652045615,0.005065942296448966,0.019901230053589458,-0.011964395441554032,0.012757385960426859,-0.14405524649913704,-0.06634813769138892,-0.22044160587505746,-0.08330337106512764,-0.039173451509842416,-0.051876117480838646,-0.18861463588459415
2015Q4,0.1836306400839538,0.9433867479534674,0.3335518118753544,0.1844791264636436,27.039637397139398,0.007593964231862316,-0.010814999992694752,-0.0013814179738691479,-0.008067079895997864,0.0003965440724353897,-0.000842130523979634,-0.0845980762162597,-0.056884264839603293,-0.11373487334953525,-0.03840379777651548,-0.011123148376578018,-0.10445733878412244,-0.044546384309950726
2016Q1,0.157109190887672,1.4018692243864097,0.1336912315686111,0.5795194060450148,5.849725732203792,0.0013265112301503734,-0.027100534044228297,0.009406453950784766,0.022457324499152165,0.0025496333648202807,0.004197324978379768,-0.10595021250758951,-0.005437341644431548,-0.20962961915935185,0.002384016540433409,0.025295036445678543,-0.04921291728636834,0.24607799616536163
2016Q2,0.6013071895424993,-1.382488542971816,0.2757705814457001,0.3211240684381167,46.01107874088037,0.004758574818302108,-0.004441816178209379,0.00567933797250042,-0.04183024766479981,0.002844400768911015,-0.010986772126106104,0.19952899939755753,0.054524139641315195,0.397415185783522,0.054659875399898805,0.08580889509542544,0.048105069152972746,-0.09037047143329979
2016Q3,0.2858627858627782,-2.336439361515863,0.3903097343324502,0.7093902550786346,-25.11072934241536,0.006786651906852015,0.004996608240420031,-0.001341114731605586,0.028479397715420518,0.011177956913995146,0.009836394011026428,-0.006145501365159678,-0.01343666488508799,0.0008318580295629818,0.022231535253148138,0.048336337506698746,-0.0911589555657355,-0.0032831053399068333
2016Q4,0.3627882871210186,-1.4354066298848611,0.4060225412323204,0.5542991127484687,99.66213006360483,0.007030476382336559,-0.02251303281720496,0.003800028554444168,0.010024966399535984,-0.018721943692343146,0.010163059184252532,0.035621749756518994,-0.017628639225076737,0.1032564681812369,-0.025489851564076016,-0.004015019145693355,-0.019575962539021607,0.012654559236211727
2017Q1,0.6196746707978429,-1.941757187293336,0.1534775460173998,0.4868902100417571,41.89548469305202,0.010491144600397462,0.030951390687580016,0.010690589643944648,0.006964963590494477,0.03258161198383824,0.0059453167664358375,0.06617575300536749,0.05829086978580711,0.08400718604516388,0.03991265559057644,0.06782128326676884,0.06756218905472644,0.12940855954032093
2017Q2,0.0513215293815649,-2.970297176747383,0.2315227124295882,0.5598725623111145,-44.25588831782825,0.012715949340295296,0.005262398853227879,0.004242138340408985,0.013536379232659712,0.018192687570204313,0.007653680277664776,-0.001323081531778847,0.02824358266198357,-0.028876002836990433,0.0044371953842892164,0.06127656599552567,0.04739491098890847,-0.06748633680060623
2017Q3,0.3334188253398373,-4.591836968971275,0.4064440116326784,0.7885241305547019,-18.68835421302544,0.009547450855283302,0.0005943788915754311,0.012666825233070611,-0.03606713365495118,0.004078916517915587,-0.003974849909290867,0.011698537682789611,0.038039346854380485,-0.014349835031947755,0.04400971742743898,0.019317545535391112,0.05161290322580636,-0.04922761763414785
2017Q4,0.8179959100204526,-1.0695080785833144,0.4843333882883049,1.1270466267692791,-19.515824366042857,0.005756343085126403,0.028360396219746065,0.014198872815278207,0.017861609937552814,0.02426157059241696,0.009631083136060425,0.05033808547261942,0.021002987872751566,0.07989067904843106,0.02439009454759211,0.10314241861216566,-0.031069741203018197,-0.0003847506815585211
2018Q1,0.8113590263691739,-4.324329495982193,0.2165019269744439,0.8134098018182323,182.12726533103057,0.006684530656507093,0.004713923493593342,0.008415405458004344,0.016627132150363266,0.012504361170107003,0.00786563878471469,0.04205252056362774,0.043293645101133205,0.0409002044665423,0.028232917082618547,0.09019610714861082,0.02384210066664738,0.1382116503359616
2018Q2,0.3018108651911433,0.0,0.2774120099575006,0.5308251410129694,42.03716677565528,0.005841028964825412,0.007361618477352394,0.004083609663103616,0.030377779687215778,0.01701790569272532,0.009667492053958782,0.09367616295694314,0.03572214277857233,0.14863938254633413,0.01943491657461771,0.11396809403862318,0.00874324708558416,0.006326025835499127
2018Q3,0.6519558676027826,0.0,0.4578108232105249,0.6236974253114314,12.113226092870487,0.005495234319356612,-0.017080047216033734,0.0019629079427332385,-0.0045948911394972924,-0.02518208259044208,0.007640082536321202,-0.05755351134901587,-0.07644991990370753,-0.04030776595713992,-0.06486344687573065,-0.1045995586160322,-0.06409696286378697,-0.15413215304963945
2018Q4,0.2740408570005126,-4.519779661016954,0.5040512378137851,0.1416442191157108,-25.33034422049588,0.0001399259020367083,-0.006825647664715717,-0.000986496490149591,-0.002910620100800898,-0.01213777572554342,0.001713166326819504,-0.13816817299128326,-0.04624775996396768,-0.211596249774626,-0.014587233731148563,-0.15225428465604895,-0.012513741021277669,0.021299175955142857
2019Q1,0.4223602484471955,2.366875879696795,0.2079228953379308,0.6243180824466066,-21.82202336922847,0.0053936936842440275,0.021721396947878446,-0.00381340798688079,-0.000527644508544256,0.026283904619964105,-0.0027730619284653812,0.09489038728695798,0.027761868877166584,0.151376898595468,0.026629617481604306,0.0481546796307768,0.010689886543857385,0.110854259628689
2019Q2,0.816427511133111,-2.8901790236890768,0.2685998290808733,0.8351458407085399,50.5605266768077,0.0024382168999270704,-0.0026997518768059336,-0.0006767513973606754,0.03938436003118895,-0.0049818034955873,0.015165417654568358,0.02787534621752541,-0.008231659627717658,0.06115909309092604,0.015383687986014749,-0.08163822111740981,0.009083090664936844,-0.05405040368973413
2019Q3,0.3926380368098225,1.190482142857152,0.4841488995330101,1.170001856591063,-1.9545136372195129,0.004767595016573978,0.019876655994924164,0.011075324767000794,-0.008639660870867871,-0.0060105727579280455,0.008392151104779089,-0.03220756151350701,0.0037458352226800162,-0.06336490348020307,0.05588867384619034,-0.03266323364362578,-0.04117884537747274,-0.034674591884760075
2019Q4,0.41554632119285,0.5882293771629854,0.5573508456412135,0.6818778695641736,-24.40011487044148,0.007142763903683402,-0.008844639283630329,0.0072106539694321015,-0.021011770465531043,-0.01252400018242028,0.0016844339556989496,-0.023783228857191863,0.002857816274821845,-0.04638893699790836,0.0020915797049299023,-0.009759593236533637,0.008701754385964877,0.024221557542291272
2020Q1,0.1703992210321248,15.78947368421051,0.2644749168622118,-1.3163216720462725,-26.83772530426308,-0.02096161159410137,-0.02000153325685794,-0.0005177389276376232,-0.01760333869436259,0.0011524665349309515,-0.021974218084034547,-0.10881931166347958,-0.004015002399208933,-0.21644267173332976,-0.005554682765895436,-0.0012492030945776555,-0.001824281495910851,-0.015395888546282488
2020Q2,-0.9720534629404476,104.54545454545456,0.2075842866080091,-7.876784495711386,-38.70210974995187,-0.15246492920436516,-0.16754242415834675,-0.03283767421958039,-0.17847898591197975,-0.2605688202548073,-0.09873405514275291,-0.16398029697571104,-0.036310185139665885,-0.3124161447770175,-0.006290975975806412,-0.07506318522543964,-0.05403856578641675,-0.07060520297468065
2020Q3,0.7116564417177784,-25.679037037037045,0.0570869410405849,7.762279174873354,5.771724385641042,0.11862217934177721,0.16295893202820722,0.050670623805709525,0.12517976756412708,0.1943398324282466,0.08803975433575495,0.30241236981115915,0.1557430571142897,0.4674113162535005,0.12038177864333433,0.508164921148591,0.042045975505927036,0.06229780319657263
2020Q4,0.8771929824561431,-11.960106963490702,-0.003239663750254,1.1335151104298946,23.82856552453103,0.0053972292362605145,0.031372585941786824,0.01130617370153253,0.011811398976217191,0.027975755936346047,0.006597162111194876,0.049072652484831725,0.03988382665807455,0.06172550440233815,0.033442290637273775,-0.026255905414430236,0.08943498208786371,0.09740134691991109
2021Q1,0.9661835748792312,-4.150947326450815,0.081217740699957,1.3958164607909662,-33.18002217573505,0.004068386226537157,0.03914378620721237,0.013017619895750343,0.02659374316197116,0.027064483757177626,0.012653371155103343,0.24096856999749572,0.12333081487643982,0.36361404574562317,0.04610541182008965,0.2982218835333714,0.1483212184146765,0.07862101122834986
2021Q2,0.693779904306191,-3.9370042470082014,0.2171064381214504,1.701891279127632,-7.89621589222288,-0.0005446520558081147,0.02109551491619399,0.007222679373143137,-0.03438988912150798,-0.003307227046867922,-0.003549073467270958,0.14660141518358283,0.1583600982429625,0.13681053106958507,0.0997487413629845,0.31722683937367613,0.15904295403165025,0.03021640252589708
2021Q3,1.4017581373247934,-11.885238192017956,0.2594221775154892,0.8250528696774451,1.1364005051687889,0.05150425190863217,-0.04068244309846314,0.004331775377709235,-0.0015929422853933062,-0.01014809153286933,0.025373414411181017,0.02741843222669549,-0.05827244258872655,0.10929510322076719,0.1063617569958013,-0.42464776702490326,0.04699673829416029,0.16994612691308109
2021Q4,1.5932521087160143,-13.953487723093597,0.5763435769541525,1.7157551628220968,-4.4218270722905295,0.01027773704403323,0.01697746906992137,0.00740156968588046,0.031133615217720845,0.04983641960344798,0.004155066877803648,0.08171972783288806,0.07574749909939871,0.09129888764944849,0.037964539717519896,0.2820463170939511,-9.314841647678485e-05,0.021074248691175024
2022Q1,2.052583025830268,-6.486486135865621,0.2733289067725186,-0.2547986271335234,9.083766965428453,0.005081515131928782,0.022920226623414308,0.010373201835623291,-0.005792296300276334,0.001973837368780096,0.007704882500293664,0.19213409745523657,0.13766566633608535,0.21458314855875837,0.07898683057918743,0.34450485827921273,0.08053948308163661,0.0795827951141026
2022Q2,2.30508474576272,-10.404623676033308,0.3309418965922184,0.1565470021716475,15.823112024837084,0.019696512105443986,-0.029555367630067053,-0.0007124743383322141,0.03754958696326938,0.06051220294047077,-0.003598965272280097,0.12354442991468972,0.014027023814241035,0.20978062240656348,0.061099032653117114,-0.19754436285614807,0.09443252356502407,-0.09851923766541593
2022Q3,0.9719461011707508,-2.580657898022076,0.6645205597734627,0.7218995545372753,1.3458920447780187,0.0005561297632290518,-0.01699799642283395,0.00796228464608717,0.008272751370673959,0.0016243296989397749,0.0011672809195690803,-0.14549686859169764,-0.13412081256245223,-0.15461226214368717,-0.14059516360677304,-0.164776041399327,-0.1185820568927789,-0.02436037993965201
2022Q4,1.1157295996499617,0.0,0.8584284130282338,0.6902403886895891,-20.27124447415637,0.0004933430043330134,-0.015536643234797864,0.009587589613170522,0.0014497492299554438,-0.0284203205664344,0.010165091567522211,-0.12399953300730315,-0.06735821443998169,-0.1618531674490833,-0.09063096504530621,-0.10569805185735581,-0.022700641496693263,0.025909373875029562
2023Q1,0.7139766334919972,0.6622649445208628,0.5519684600215458,0.723850896464695,11.915743944080436,0.009494318659744039,-0.0038971572055217507,0.0067674130558188494,0.030367372406056248,-0.006460749455854398,0.018148393672671403,-0.08122809615479543,-0.008454131325908998,-0.13322400996688366,0.013647997809683288,-0.06255310110450307,-0.004633392944236814,0.018021860423637737
2023Q2,0.6659505907626428,3.2894603099039355,0.5720516390727015,0.6278719587201387,-9.873568690087088,0.0021906610415598493,0.017153063019415882,0.0019692177941301736,0.0032720061160400604,0.016808406148875576,0.00029749054199434966,-0.020039326506710364,-0.03660764082543222,-0.00681328455352459,-0.05752380796477219,-0.10171332609173722,0.014281339322172348,-0.016367874404415006
2023Q3,1.1523687580025532,5.095548095257829,0.8099997339360954,1.1536060385556546,28.095761481491422,0.002152525257480775,-0.009522817017519003,0.013001728069696128,-0.008940985878441055,0.0033237511705923595,-0.0009778014362851195,0.0448619547816933,-0.020117375478511557,0.10107959408845546,-0.036713780151544695,-0.04365114691830618,0.012228383941062182,-0.07066729394272042
2023Q4,0.611814345991557,4.242418181818186,1.045302205133858,0.8440571465622604,-19.345825405848935,0.0032584234247767796,-0.01912444640303157,-0.00201551706265235,0.02221510640337243,0.005064844602323149,0.0032074359432598953,-0.05937445890852988,-0.045107784563803044,-0.07053933518316735,-0.013816263974035348,0.003195978652103859,-0.10078151410901437,-0.005724785320550541
2024Q1,0.4193751310547222,2.9069827271501536,0.6345897107823406,0.2098613427756968,42.22207855149331,0.007849009007600216,-0.004967165622403513,0.01712644471841429,-0.0018025232115537193,-0.002707375758630448,0.00855098822069067,-0.007273903754650868,0.008128320739978934,-0.0209408517026074,0.0004799451491257489,0.06242460796139926,-0.009973683628563212,0.14080918557629807
2024Q2,0.5429108373355751,6.779661016949135,0.652606736294481,0.8854862935244512,28.061581525542323,0.004115388194739111,0.006414495479688753,0.013996262591156494,-0.012332619991271443,2.0146896055450725e-05,0.00339667482974626,0.07162563846106274,0.05506628206701847,0.08484887389945328,0.1009137426900586,-0.01092454711529367,0.03317101501072184,-0.040020276450298486
2024Q3,0.4776739356178616,4.232809523809533,0.6636497413034181,0.8247780216767531,19.540983606557383,0.010605024730111268,-0.0076092286183637725,0.012803025128093282,-0.0015383126135422032,-0.0024924794149949747,0.008669175466319956,-0.05000157303606445,-0.020846360794008367,-0.07187886898259399,-0.004091829620530674,-0.004451933831753685,-0.043813374267615,-0.06776178341024397
2024Q4,0.4547333608929227,2.538060784870022,0.5617787595072476,0.4598746857240599,117.03236423477784,0.011834399467231194,0.02232660024063904,0.007606964397306015,0.017216085895846334,0.006151217041704626,0.016013545968048604,-0.00043603528022162497,0.029688927173759705,-0.02409951717593284,0.034652598944920676,0.050993783769800016,0.010717556216295776,0.10655781441758716
2025Q1,0.7613168724279751,-1.485148588373686,0.1937261875968321,-0.1625164044818494,101.32002089337588,0.0014127700696597856,-0.012330606573350167,-0.0030610171172558154,0.014139414939370099,0.008812049325886306,-0.0006439530680584227,0.04293231878696191,0.04471336569042483,0.038449071689351744,0.050729365520463254,0.012680216611576034,0.047594545922305054,0.08275963114906126
